spot,maturity,atm_iv,a,b,rho,m,sigma,true_sigma
101.35708464880479,0.7072245579994899,0.25707758419661,0.0005730309888626426,0.22699409947013416,-0.35518619172076343,0.08319700655434793,0.1637163845481061,0.118065849020572
188.97509245424658,1.682848522556125,0.20167453787332346,0.002060708043715546,0.065287313540288,-0.3326192767542923,0.45959229601803187,0.8163912919829535,0.16585347550327176
195.18375337192592,0.058185703237550956,0.533868808661917,0.007505606591373001,0.18454635766284672,-0.6212020250436261,-0.009602792447665627,0.05475586413505048,0.051456814924647085
275.699525708021,0.21376444183005883,0.2581004053593345,0.004147719692963374,0.11316513873687992,-0.8269666822244967,-0.09705383789413856,0.10429971422507134,0.08137582255955574
382.57534205303995,1.735365756619572,0.18924753244367729,0.0785931760105275,0.1602485491598204,-0.24430933197737437,0.013619715294535758,0.0001,0.17717226283938506
378.25295314393765,1.5506479017095853,0.18444516388322135,0.06070944694710139,0.1271508745722416,-0.568670170223762,0.013774436518628867,0.0001,0.1808219936112475
465.73895325260196,0.07985776160404813,0.46648350658310567,0.009907447000102182,0.09903322217847577,-0.692438241229891,0.013756663777512626,0.07181206700985708,0.06264738426861109
361.1841470809471,1.8937795981223517,0.19213027107878053,0.058568229018875054,0.09592961563166749,-0.27886159375122216,0.06902679372822466,0.0001,0.1990331325033443
119.51447506713009,0.940752392600191,0.20282161362312146,0.003753355207952758,0.18030044503381296,-0.40169118828336287,-0.07772640862507005,0.23516362492396722,0.14375818249138467
293.2176776750498,1.124917425518549,0.1899076357576019,0.03036590253586096,0.07961550413856741,0.20541732051379918,0.09653604515334373,0.0001,0.12085506218127957
446.70141930353475,0.428304419167482,0.33063052747473026,0.02707653816552057,0.16506512507010962,-0.8407999923510235,0.07811651136809995,0.0001,0.08066116221876111
472.2831851460999,1.0619340880551424,0.23372131617581826,0.017130449092742472,0.35100687996942875,-0.5677676447892851,-0.07906883520054377,0.09710944860556295,0.13243238371377314
146.04665353605554,1.4665775282235691,0.2181015536109746,0.0001,0.3766912304836811,-0.6760308583720533,-0.19876304905974035,0.21735364665324036,0.15723443140360258
209.62188252174752,0.2947272598297324,0.2511387982203551,0.01041078021043333,0.1270927507475513,-0.7626539561221359,0.031500647456077495,0.0001,0.060942351073919834
68.96984920644289,0.7190113559741004,0.20778347560440602,0.01802590330396109,0.2507886951626878,-0.580044223385426,-0.016363469292362574,0.08560798880362853,0.10935516571942146
352.22460906447867,0.623199062760186,0.2391458437705086,0.0001,0.2074148697536825,-0.24019533688087638,0.07679806990134577,0.13971549814803513,0.10292023434837551
361.5655576901237,1.9347788377916313,0.1563356770966589,0.05091128450142691,0.15122543055495605,-0.09068145789737504,0.0008361928209542815,0.0001,0.17299539762352367
334.43295647523865,1.3567209183946016,0.24989230947104998,0.0001,0.3369364568582965,-0.5523751347958132,-0.1927805307481477,0.24175712626812987,0.1574419510044434
316.818547541756,0.8582761023364242,0.20552537480737634,0.02689213984863584,0.08354305798623542,-0.3140192926144186,-0.04152285585403444,0.0001,0.11150792875362797
457.16356396088656,1.668564258921835,0.17377140800645313,0.0001,0.30522931243955603,-0.12339504604705358,0.10413070157350574,0.18884804238284483,0.1622937664729137
173.13690455537602,1.1007962658553447,0.22647055348733042,0.03729467984633753,0.22059304069847635,-0.9539843385486461,-0.01564207656738858,0.07626149695386089,0.13662527341976324
326.7211556254649,1.2930902989702415,0.16964036566637852,0.036081754932916814,0.10427683370524203,-0.37245599115137257,0.04127573775598608,0.0001,0.1524009913714209
93.78343435763378,0.34093329643007925,0.1255603897963494,0.004011484801801594,0.16156956667217234,-0.9435704061544667,-0.0740711250608503,0.0367868596411573,0.039084828787390925
491.51240385771973,0.4442552449070407,0.2720715288662037,0.004582062666092038,0.15607631701398691,-0.5795955587784833,0.0839693714946564,0.08873113724370212,0.0691514150632885
230.52900597993062,1.3348486768135974,0.21673383955172554,0.038073101725396616,0.1470445545862966,0.05117049385902472,0.12410123925574654,0.0001,0.14064116585511388
205.53397048466368,1.2297036444087146,0.2062326647025028,0.015665521637985937,0.20784820065508133,-0.4520579504267783,-0.017011270624472878,0.179706106920286,0.1391178848088919
390.0737548685887,1.0936849236513217,0.23084033638096735,0.005055243138057733,0.31633717073109224,-0.31955114382458766,-0.10222050280832931,0.16852104817850802,0.14892202917416242
84.36169319707697,0.0838059092020492,0.4116492891954623,0.007029788094019523,0.2036809204470947,-0.6286062810637172,0.002642683331988431,0.044320730003612106,0.04909373409687301
194.65841717266144,1.121766257268534,0.29133018655351384,0.0001,0.3309299591447114,-0.22742491447408575,0.051868250347717484,0.19680011452753668,0.12582604650906346
117.70128038541597,0.8430358946012567,0.24227927460308132,0.004332316800520327,0.3070895119502593,-0.2732292629091839,-0.009916583341362197,0.15069692417168615,0.106302837726757
467.1161652852886,1.9558249304362618,0.17210346875339458,0.05678995767458709,0.1659140823615715,0.4616133747883562,0.09645753742016677,0.0001,0.195331380843869
236.4480565872584,0.7182318016790739,0.2324672991064905,0.0001,0.29958206269215726,-0.5058054085792236,0.013698559773993263,0.1468421686540949,0.10353075849239801
286.8142571554196,1.986343369034905,0.20042305762551563,0.0710840115450032,0.1297323703711577,-0.5579977637213374,-0.12414644478537232,0.0001,0.1879555827388666
275.0528924488466,0.11938760937650117,0.37352565809206967,0.007120143631067941,0.1708745855961378,-0.6244812718593052,-0.08418599677506962,0.08014876325961535,0.06388285262037321
62.2758235234035,1.5124536819435295,0.22604615517415141,0.0296334850204097,0.24231544523199797,-0.40053242179108567,-0.07386539220522835,0.18080031927462106,0.18214598313392022
80.52478917718904,1.1070355750603675,0.17574616951657787,0.012376449987042846,0.14944238683569586,-0.39877052880352276,-0.03248978114180561,0.1865032278726545,0.12902860255425783
75.14576396492609,1.9116686610805917,0.16977486643167983,0.05126764048514699,0.11506261801841244,-0.3909733477703898,0.03286272170176166,0.0001,0.20180767625469057
228.85879058291667,0.4791789673876876,0.24607147922731643,0.0034295482024095697,0.24918792671051085,-0.5859920448709239,-0.07026701977360922,0.09937967925071493,0.09020868633272806
178.8293667842926,0.7662178860412177,0.3011655819900605,0.0001,0.33505450750553467,-0.17978506624575427,0.1387330715174514,0.13118958310176992,0.10927409017286524
115.61187269906988,1.5871959891004137,0.22738669931151778,0.0001,0.39701843899708383,-0.6128168816791769,-0.1258333461442887,0.24982907876372654,0.15878400238985577
269.45684580082263,1.7928751583664417,0.1760754708077664,0.055197777744698605,0.1399476098675697,-0.2168229355441342,0.039119854277380704,0.0001,0.1870146392772733
363.0028242047648,1.5203970276140784,0.2126356650780034,0.0326301168285339,0.2469338288359604,-0.5266156102525069,-0.05994576830737624,0.13124505848367007,0.1605655212107195
448.602765826655,0.4245822973314854,0.2961907493898506,0.020584867938053416,0.14910897513957674,-0.22787689848174608,0.05608173025068286,0.0001,0.0817355003704576
58.47716504772602,1.3887595840111853,0.17358681770881915,0.031457774774077754,0.14517939915564124,-0.6892113499449314,-0.15158692727506393,0.0001,0.1608749187313609
275.11829540077827,1.6090801347636312,0.17670560262339532,0.035405531386781326,0.12788159536393268,-0.5524585996944893,-0.12441886896513607,0.0001,0.16784168941360197
158.01312862306202,0.5583974186801888,0.23441023538996064,0.0294677014183929,0.12659730634295094,-0.4377626915997919,-0.06893506695056036,0.0001,0.08291082885970213
396.12785072651184,1.454187779647501,0.21376963729991041,0.033593509787586066,0.1993901204244763,-0.19333967780413297,0.14561840070413937,0.06668991150195422,0.1459074167423854
365.1854885054606,0.8197442347390862,0.2551027861465499,0.020205463053573836,0.22319317900267752,-0.6862191588739535,0.04261266227244051,0.06972483524984696,0.11567422559458747
100.93757318172395,0.24425919640464439,0.2625307902034431,0.013797268945681113,0.11295103628762013,-0.3809069424536144,-0.03339416287717063,0.0326984124706643,0.08393348307016857
198.90064704784197,0.7732096197568993,0.16433683808350963,0.0001,0.11050620597446467,-0.37366942230937306,-0.009122523985347289,0.11927620479396972,0.09211828741115237
280.45633901496115,1.852235237466401,0.17695471200711443,0.03775101508999854,0.17691488683926854,-0.2597221870059126,-0.09655670402469523,0.0001,0.18964429066271557
385.7943609010771,1.4892459203430066,0.18452878358929306,0.016998769993505233,0.2849244841686978,-0.337123469591619,-0.018168325792855895,0.16395150484879623,0.16362024993338822
457.3995165039645,1.8501320356223547,0.18665176470534944,0.0784481614949783,0.13214839778660875,-0.3460777027858104,0.013768002762712152,0.0001,0.19994982454429144
234.74836488416682,0.3927704575049174,0.23317600984583856,0.020774383392526196,0.10548352711226856,-0.6125364665050359,-0.025994247112461163,0.041219317393707995,0.08539799269893707
363.4502389448981,0.4966088699625307,0.2748360190456757,0.0025552341263584692,0.3057663894863596,-0.5862983882145891,-0.08129209009955696,0.1270249273346045,0.08838470325116131
257.26775542060705,1.9945027897438363,0.157198095686005,0.03439108050817066,0.11828385497856796,-0.5578540640392072,-0.11839098199097786,0.0001,0.20837702083260362
323.64047772255634,0.6927042371826406,0.1760309420200003,0.00993013277749183,0.062370804749866435,-0.24948627590472883,0.06886326747210979,0.0001,0.10214510377592226
72.49077697352352,1.040152595016224,0.1942969758507275,0.0030016772957314865,0.1449196820472108,-0.12526134045284465,0.10699465080091537,0.18289097183271263,0.14265129820146383
339.1851185206334,1.34035731410977,0.18214709907158608,0.0018389897615710459,0.07880080579459048,-0.323930791446165,-0.06988867053833354,0.38321695181634485,0.1512852904439535
140.8670099344204,0.1912723390140159,0.42862573374169477,0.01618035532505432,0.22752436926275063,-0.5591744316542899,0.0016277887428245352,0.06752039872747033,0.06743121908678999
160.1581289694961,0.49496545749203963,0.1163245876533346,0.005594883033317257,0.05515873491481678,-0.6423271167098743,-0.05236017050519564,0.020173782717200245,0.08813792210022027
78.1196569813925,0.24327667174761242,0.26012346530449565,0.007294128681818765,0.11665333124791272,-0.8715191167701332,0.04606200456660213,0.01817141656959565,0.07450696596836538
87.52637212356444,0.926650571873297,0.24994231204172682,0.0001,0.27143102549397563,-0.2428805180955956,0.11650428609113543,0.14297881893324382,0.11787817205167204
321.9494956973242,1.9132470074451888,0.17013807199167522,0.05934155967572786,0.12756291224592592,0.2834243675968314,0.10845043231882835,0.0001,0.1957188569336796
449.24415853232773,1.6870745571227974,0.17352335348475453,0.0014334682994935279,0.2281644483926779,-0.4336913974391905,-0.06026193594655996,0.273947751253546,0.16971075414971262
76.91672705814497,0.7846245464723871,0.29845610959112906,0.0023693668950402367,0.22718521393255647,-0.34679520767924743,0.09647026979105329,0.2037287099675557,0.12951624887763952
381.3740443316138,0.18916816309347761,0.35595053919313496,0.015112005168258051,0.1817425315976735,-0.7648206068201094,0.03004874721848601,0.021549011338111837,0.05411043489501529
282.21241427415123,1.6180569825117015,0.1598244020175782,0.03854378565776065,0.11866003995967883,-0.009522077928283293,0.11481651300567808,0.0001,0.16670993894003905
118.60658390697684,1.4558931488457063,0.16804967150203273,0.0001,0.34354047513110914,-0.3948946058216084,-0.08630517873080802,0.17358005818997752,0.15818993389351538
121.35427638167722,1.3846270553258635,0.25505948266992073,0.004374508815392795,0.25981071532079864,-0.1867406434255344,-0.030962832681978837,0.2259995186471076,0.16074138184055617
337.3085302380454,0.8458207400489061,0.19922149353916185,0.020745780847956842,0.045939890577463775,-0.07688269635720466,0.11270704825761997,0.0001,0.12354417608906584
142.44632253938767,1.258067827981763,0.20974664075157176,0.02264230734966698,0.1443862976986392,-0.18987499148571227,0.12364957714134639,0.06503523279907539,0.13063177592803615
229.91310524141997,0.7124814790272568,0.19710280218392146,0.015712191546950572,0.05514752000017712,-0.15205125605539843,0.09654298422114399,0.0001,0.11063493586154696
331.02755135547267,0.6769139749606111,0.30029373936238607,0.029856536160153217,0.21329449733968064,-0.6078248477759263,0.06966016913697153,0.03083609600515043,0.10964027853458058
275.5529321100821,0.7255611282635459,0.25368240119568136,0.026786506862316473,0.18682755416738925,-0.5778026677522291,0.0605113341507669,0.0001,0.10862624609572281
406.56927021089086,0.39665706778139226,0.3017893735718863,0.013762670246869542,0.18625715428583522,-0.7372976604627289,0.09574456454265604,0.03658852785468844,0.08558280314671943
354.3425329464202,1.6478714545883246,0.1817104611169137,0.050135638483328214,0.06264055676647748,-0.9893609361901152,-0.09082046988486595,0.04403319621642843,0.173348571783455
80.62316501110007,1.6812110145207932,0.19079388391434504,0.05753289227101501,0.1465924292806482,-0.9869293493091728,0.0008414814468876984,0.022015603221184062,0.16922064603118267
403.11766814205635,0.8552494986256164,0.22763224246011637,0.0001,0.25318876682181873,-0.4240913005134903,-0.02446832660174079,0.15132202698035974,0.11672770455407691
376.22164176417925,1.5266941929988733,0.19281161217673395,0.01072374625761117,0.22958345032776792,0.17539860325706982,0.22388389822015806,0.1873188341493425,0.16201289884525252
233.8178817224361,1.8296813800481146,0.21487151530519077,0.05470954585791282,0.16056673039376293,-0.2567729566575563,0.08911804070101641,0.0001,0.21035542970387514
481.65757500462684,1.883557101254181,0.1934509712451237,0.019717062764576944,0.18874341888532167,-0.3330394360224738,0.021151976158500504,0.21160676161609543,0.18883293664018252
144.5863743111429,1.762304466315271,0.17145154469461024,0.046844350076140975,0.1231909623704122,-0.5210420080099246,-0.09649223200210764,0.0001,0.17701933655832539
212.9778624561994,0.9949740195955911,0.2023412902637198,0.008331181171091199,0.2592936307871776,-0.41001937437203195,-0.05253399394860402,0.1430247641933069,0.1254974220800039
480.85252594101104,0.2815729701743513,0.40452452126263816,0.0001,0.2744856941331315,-0.7952296531683664,0.07626250207592056,0.09901189970803179,0.06418054104658268
351.0226848634799,1.4184380831232561,0.18738306759333645,0.05012879235862374,0.15026061569238036,-0.5652520756671576,-0.013845143975381799,0.0001,0.16991544948912646
164.51065765136656,1.0785864914455525,0.15645947745627628,0.02805057972062428,0.1888228024943263,-0.24953508345334321,0.0017406948667448565,0.0001,0.12685639410045493
67.89924100561566,0.12646845362234022,0.3372116409374263,0.004724303768954405,0.2698600350813594,-0.6094676880077822,-0.01009736322110075,0.04299543465368877,0.06378693137276702
471.12690488793453,1.4483379258351967,0.18677581827169318,0.030286312110484458,0.08311758124437446,-0.4697617338865133,0.041492754200236265,0.0001,0.14887830407682104
257.31624822905064,0.6585390370719515,0.20468457087395406,0.0001,0.20109167837810005,-0.5353220274779373,-0.12297801923391342,0.16283294046722363,0.10387052670580794
204.40218070787014,0.503790068366254,0.230271346372569,0.003229387121886951,0.14810211230846,-0.2979220227458528,-0.015281940607572559,0.16828373855924725,0.10032668599600304
251.92884412389395,0.3642153125567771,0.3108868044823712,0.019426735979262002,0.1546187196331577,-0.634720610634909,0.008380306475195538,0.046244142910879533,0.08204491532321867
387.9943582021694,0.10244139914995097,0.3811542105565612,0.004305303293128563,0.12092217892136217,-0.8578559390235014,0.006937319734387929,0.0841158445353161,0.05643350787367459
149.15294999541402,1.6867860554392238,0.2312920232578372,0.0017885144811390487,0.21088316285204298,-0.2857637759804927,-0.07559773199825948,0.2916270234180179,0.16794183852494088
425.46432988359504,0.28660670771276386,0.33496776409202483,0.0001,0.2228578452099275,-0.6210102618912846,0.020028755021141077,0.11767054986111358,0.08404239386468527
92.79687004454345,1.9292093719064032,0.21562407592105567,0.07826762318759735,0.11853128525022065,-0.9963585313248202,-0.10401270086880368,0.0001,0.18572951004737007
199.32261439277562,1.2539707514647236,0.08115830531663812,0.012593003009428021,0.07255577341177472,-0.22909706563707746,0.013813475996822002,0.0001,0.1498920057942184
186.46473873845179,1.9464220928314246,0.24260098888284215,0.008343599531356214,0.2815829466325161,0.07368138632340457,0.03764671398618165,0.2567748378866836,0.18508017177578723
292.91847219304464,1.2458061177940234,0.2091470659534567,0.02149836503178177,0.20553992109910962,-0.12642268841376747,0.1256024633552314,0.1524456559098006,0.13255313688259412
57.484846375470475,1.8315956693833562,0.18050831076113943,0.020287500455768877,0.31551600010192027,-0.47311786881339324,-0.1077578015639582,0.21419424893882263,0.18032436602760454
145.83001821756955,1.1206998450846177,0.14433173637580005,0.012781166777072856,0.1039676766902733,-0.2229287863094599,-0.021823250112738668,0.10229495264733217,0.12442930309543879
496.5551811722038,0.5171729889865183,0.299027944868653,0.011464035154851657,0.21739070469552152,-0.6953840033167399,0.06762674032922344,0.07830939116238689,0.09858151035818916
302.64851666741265,1.673561129454268,0.22573917896315912,0.0001,0.3661634666381206,-0.47803040433644967,-0.05815900506319201,0.23195992458384065,0.197597831383117
318.2911917147237,1.8454396393923518,0.19401551224987076,0.039241447880936225,0.09202575986260658,-0.23377145830202847,-0.05533189719834833,0.0001,0.18848933568333
474.72301160904647,1.7899424799752313,0.2266945251024349,0.07786751087844743,0.14475546050730476,-0.9538431911567344,-0.06889673521073655,0.0001,0.17749616290163195
176.2605848805295,0.7811772430070876,0.2638249481001954,0.0001,0.225217292726842,-0.3844645191679983,0.1405172624451462,0.12093018737031101,0.09997498332482357
467.69181248794035,0.8248296502742543,0.2166323110011122,0.04426109272252674,0.20994523204347104,-0.6970117772238469,-0.03140275610081609,0.0001,0.12443120662570718
147.06335184328583,1.6838644067752297,0.19880358119391248,0.05929295783756167,0.09986801204502209,-0.42643109162978904,-0.013470922964563873,0.0001,0.16434569969040597
245.0577026736959,0.5617520562586926,0.22938265645972716,0.0001,0.1488440371703371,-0.39798695529442024,0.0928972296285113,0.19004924323751088,0.09187267208096728
166.18790695169102,0.3711158442953425,0.2405458295524696,0.008108416317268859,0.1244120853546787,-0.45489282825949456,0.03278455654759284,0.06760788019909442,0.08693327488631976
385.13000953491934,0.5468199457428558,0.20962524166670557,0.0014893023684102859,0.16399825247520305,-0.5756568630947428,0.06684965925468934,0.08922140885053564,0.09223197367116927
423.39750701042465,1.2390261482084053,0.26033020504821375,0.0001,0.31621979263128913,-0.4627665127139501,-0.005820102747452181,0.21875604855548308,0.1324178683766074
159.43842698985975,0.07375946598534286,0.5420906946551405,0.008685764406767304,0.29762507817588324,-0.776207081306021,-0.03927459487353113,0.06085142254774646,0.049518581681996875
287.8995402733452,0.44061712668682984,0.23745541593241576,0.010274766878511801,0.13066695753308077,-0.6003511393620109,0.10200006715820921,0.0001,0.07545265261496086
173.45296995938037,0.9838204023546763,0.20798496270480632,0.030136201267901848,0.25024763425718893,-0.3413640819820337,-0.028747166123703143,0.08576073227069692,0.13962696752329862
278.3005845661203,0.254742772922232,0.25836514018917245,0.011521616949830171,0.1721311949289973,-0.6257190128739479,-0.06756756963967042,0.04228019944209567,0.06587500313637379
59.59336249343197,0.2994577668113371,0.286673870466436,0.022526435429856318,0.15527803777418187,-0.5609576379380259,0.01995363076444139,0.011728590906273564,0.07748519560955844
145.37468834920415,1.7358746903096043,0.2285595100867784,0.07746598384810216,0.17659788168414792,-0.456514631143181,0.07437242736616913,0.04817623697950442,0.1715255678204839
480.16715013208824,0.09617177055682544,0.1666588578161144,0.0001,0.05482850374930837,-0.53782543882625,-0.04276797159106174,0.04291105123914584,0.04606163188520641
332.07650621834443,0.35257809925531247,0.2938103978048014,0.009905506662377208,0.16104964739250602,-0.498140914283579,0.08031647740998965,0.07156355172750052,0.07583384541358856
409.29782343703533,1.0598728763057974,0.17561042032652466,0.0001,0.23708276346944196,-0.461949258542494,-0.04641407514199731,0.20234681943818097,0.12895172875133404
140.7246613285551,0.37797655557311594,0.2668990146093776,0.009314222213361483,0.187630745928186,-0.49685352610326894,0.0018709008478464387,0.05766717359447721,0.07398609126134827
128.52197930930652,0.6474469127415085,0.1578546936934779,0.01676469805761849,0.0543980074428398,-0.6992159734762589,-0.03520683090378086,0.0001,0.10906731076899501
79.78417323000616,1.0547000756373823,0.19344478698758324,0.031654450937251354,0.12719438959580487,-0.4697546971340849,-0.048374140231622606,0.0001,0.14421324595292978
247.54708903178866,0.19906046080764866,0.31843091861893263,0.0001,0.26263358583371527,-0.7588901623102116,-0.047625578442405773,0.10117382883935296,0.06534855202667668
240.53617748583713,1.3420132881535831,0.1515531971977674,0.04283099392788321,0.20291557328206522,-0.3208025040040439,0.013668955871772324,0.0001,0.16011439382246875
71.83671130208275,1.1832818108857444,0.18845976877691928,0.0001,0.33361002789217203,-0.7463574012216277,-0.18619981438838362,0.1756082306964015,0.11611593946142448
276.19776974947683,1.953600228888826,0.19038528122582815,0.055213666914527865,0.2567247659267742,-0.47726119176873416,-0.08779237826652028,0.1367083690343477,0.2225226144237647
112.22669397657253,1.1308121590815967,0.2576045197052036,0.011414316783329052,0.20457390282608084,-0.5548501106766712,0.10157609928756804,0.15816034349323913,0.12011951352619232
439.47492127219937,0.6609327967694542,0.20544900134379868,0.015623262548760404,0.22369681342162542,-0.7061027089045101,-0.053974037746334316,0.09470427501595866,0.10642879656384893
354.3979370179773,1.1962356826501666,0.20643395720199267,0.039794151272602295,0.1210388631241148,-0.20714433151141232,-0.013832788476048456,0.0001,0.15665117957514357
225.59891297679366,0.43685974461601434,0.2918559419149564,0.015454986568737679,0.1639432510196318,-0.38240739556728953,0.04253229735097316,0.07191402051969215,0.09545339408419506
280.9671741556717,0.9169617608149276,0.22801063291319382,0.03465297709097719,0.23596276559657098,-0.5906596404252786,-0.023322262186651267,0.0001,0.1255922286772911
165.85225696843685,0.2265606024304888,0.29853084424279397,0.0001,0.13137328235302345,-0.6437521556819003,0.007011366789802065,0.15622787260647616,0.06761196551417092
162.8744930823513,0.7117742943554177,0.25387458140494296,0.0001,0.2530902519494887,-0.407883396619903,0.07829775095203072,0.13116629982887515,0.10368343889725336
228.51198475080716,0.5061861939420224,0.283599610180191,0.03241599608364065,0.2313358727477574,-0.5024549718622424,-0.04140386256566508,0.0001,0.0800292272119745
368.090808722251,1.5017553569211082,0.24523884330101142,0.04346099672879035,0.29259474981233513,-0.4407034039094684,-0.08344764002223583,0.11898972248751717,0.16180916613085725
190.12754437177495,1.991604540640084,0.1701622072527213,0.06348641719799798,0.09700418894828833,-0.999,0.01394296295146625,0.0001,0.1929764462445251
235.1492854381935,0.6905602493003438,0.10806778826969173,0.0001,0.09406028761927332,-0.6355224274427506,-0.05314819526781917,0.1352243071646682,0.10574042483018865
363.7668396313033,1.0280790615724351,0.20864569261585206,0.040399864070454074,0.22534278875260172,-0.5244933188465446,-0.036667650845595416,0.05191549785534359,0.13893532078686047
252.58179122305623,1.2892387122914033,0.2133942810951856,0.029493151482153063,0.23909701459878221,-0.11030747006590988,-0.029451160614372564,0.11917629074211704,0.15863096275150154
435.49307026036854,1.3008760296528201,0.14745894964699388,0.0001,0.28899524927720066,-0.8028237944647872,-0.3216016463363106,0.1780667172389622,0.15773449766640416
248.9523445441053,0.11087008331011228,0.4598611502469704,0.0015708616057904718,0.12984427679348964,-0.3118516889677777,0.11937767270090101,0.10863422851965242,0.06811541334401428
229.25120898210096,0.07970391196851435,0.622211821649099,0.011524347000421771,0.21766245569303222,-0.858824838601938,0.04255430637852818,0.06205382641288039,0.06158020882219456
237.9568048043444,1.6338378327660277,0.21607899331695488,0.05754241724044542,0.17511895413872275,-0.562653292448798,-0.05796628628452295,0.011971941668747198,0.16683972603837002
112.72391818491869,0.1304787753054883,0.31047349850999273,0.004676378695376387,0.17774823793788913,-0.6560715572658016,-0.0377310469860733,0.07510233105673837,0.0707199116700261
396.4898366684158,1.3207893392728494,0.2148336942699797,0.041466332419021146,0.21586637799925845,-0.40200155525826914,-0.010187716505577777,0.07504538683058959,0.16372647252559944
275.87665980888903,1.7072979277563862,0.2096527996335495,0.0221803335115003,0.32009123068017487,-0.07858910101417124,0.07106920221302211,0.1598999605629527,0.18398560261748279
492.18422971330176,0.21866690608137368,0.18783737976579096,0.007325845001583715,0.067180277374212,-0.8983545441701623,0.021948468180647305,0.0001,0.06593426557163264
482.9965132833981,0.8796511553068618,0.20237741809301862,0.008807680694931597,0.17614095964441,-0.3171526612242726,0.05545732478258134,0.10661759265975075,0.10908895463222386
164.57601728326253,0.9865509312152139,0.13948946648398078,0.02045244813577093,0.05297370461045564,-0.8863823800156133,0.004180453547916544,0.0001,0.1321476704883138
185.1767513871676,1.2942454116985451,0.15652095011310435,0.04033787802013949,0.1956858581614875,-0.40857904520728405,0.009725863781248035,0.0001,0.12993652150130325
65.15481501683487,0.2206438393121815,0.3181294716012204,0.0001,0.2222900503371059,-0.5450454894371026,0.05414538565774335,0.07293740712383924,0.0736335159353784
438.6918339796328,1.935908746580269,0.21306783560377632,0.0001,0.29899579354368894,0.0662887936699884,0.17807390007735305,0.24290335354068018,0.21622572032291965
279.70301545583163,1.728784632217274,0.17326056845889204,0.056409295131765715,0.16909678722669533,-0.5065698375488312,0.005341327514166508,0.0001,0.1766854322069963
426.29558314515583,1.4289097467642278,0.20226088252663937,0.0001,0.29907290223500904,0.20922523989479813,0.19866487016373666,0.15850964806719545,0.15088913404516638
75.50720827603095,1.0098438098356064,0.19075378477945892,0.03844744207762001,0.19161087175786462,-0.803492437948948,-0.06864846321753579,0.0001,0.12632622052622694
479.592416586055,0.17445775300856392,0.23927475421000755,0.0017343943315576505,0.08692212985486131,-0.7958240118693012,-0.09962539770668914,0.12534093262232526,0.07345274181684715
289.12295715298444,1.698939411860728,0.13741344457675847,0.0001,0.16771278027438447,-0.6265235019071057,-0.19403464347469332,0.3056825146979548,0.16578625726039115
423.82098180918086,0.47609158947669533,0.2401995090615855,0.017654968763768913,0.23835946633333005,-0.742789224365472,0.03036142214473841,0.041299996324946485,0.05525540491657883
427.89374309276013,0.27449156013868287,0.25874272403736476,0.008568668938208244,0.11165563360950331,-0.5324755040103476,-0.023079103904115855,0.11191931599150134,0.0633417451139219
391.8524917952748,1.6669240324443775,0.20078111100268214,0.0001,0.26594410869359564,0.11015200161566593,0.118842809980025,0.20562513122168574,0.1921653602546022
214.90976007918647,1.0946396964097558,0.21294910532887487,0.030608316517447623,0.17884913106438852,-0.4625678329587295,-0.06217082309880474,0.028266545485770622,0.12411439668639247
493.2973168533853,1.903025183302502,0.18250541137371756,0.0001,0.15843679798525379,-0.22101369146081434,0.01144650719857403,0.3798736446503568,0.19967150406132914
445.39630307865946,1.5084066569404024,0.20271364027336675,0.002540187111096972,0.20009269075144678,-0.2695465768246949,-0.024755155682478682,0.268636169551937,0.16161417454842733
487.8560910503322,0.8173612307455013,0.22342165707194708,0.010986374092607205,0.27337988014021725,-0.11875643038737131,-0.058429702609227495,0.09459591777326726,0.10022790116209511
338.22399086512496,1.9845094084468593,0.1922370607977892,0.014485797965014743,0.49117567386552796,-0.6921017034853407,-0.25403609574433045,0.17239127928528725,0.19153306830031436
484.726723163507,1.5473995515240768,0.24747848715877008,0.04838196810346497,0.22986440278522224,-0.11493155006647024,-0.02044019458075548,0.0001,0.172563172100785
113.95943310670219,1.4316115438915473,0.206805413843676,0.0013721049231719498,0.1726292479684576,-0.37870550015125093,-0.020814596428156373,0.310388744407491,0.15446324341571047
441.21679619057676,1.086620030889452,0.23707820603257831,0.04368087605947971,0.2686375510958609,-0.7574129534092423,0.010237520799796063,0.09516369114531652,0.13756198453868945
276.1498387630269,1.6690519541872246,0.1701693206163954,0.034920075147660115,0.18734662126844046,-0.7024499115864353,-0.12797626945888516,0.09991548602849812,0.17764270049921352
485.29519433536234,1.7035461044786688,0.19312842555404353,0.0001331545170052328,0.216986151368821,0.15903084015321098,0.1007549207000498,0.2428377940296548,0.16837404541925236
497.21681135043076,0.5981311688206277,0.18634966894336016,0.0057215845515937135,0.10568751368000229,-0.2086090953065374,0.046750635564061845,0.17557425963080503,0.10077483120566723
124.11304727018108,0.800135811407887,0.1692619453421474,0.02714623745739864,0.1827704131187785,-0.3631175403783496,0.007151474441593084,0.0001,0.11083108550335766
446.3331973568429,0.839748762032266,0.15249058324953407,0.017317983764747958,0.05508808109710933,-0.14656112120581702,0.09647329101340216,0.0001,0.11343569759962074
392.2477430026474,1.856995765077067,0.15952476537479274,0.0006520112096973946,0.11696494814947057,-0.5251025904000668,-0.22838865514722836,0.4548578483328543,0.19281976780813703
428.73500216205747,1.8115588050262847,0.19421577277641786,0.00020476122053499302,0.17919571884810034,-0.26372854190622713,0.02822195135470013,0.3640300904465056,0.17508996330789245
302.87982344283716,1.593169761598129,0.16860598931549395,0.04417162780317568,0.07862179661168725,-0.38200755042632134,0.016464882907451718,0.0005225582277360969,0.17054789960639888
51.21061163809551,1.4636715017130644,0.149704674237405,0.028757921026061874,0.07266441064119149,-0.5891618203733381,-0.023845763770296114,0.0001,0.17058456586358095
343.5767599978615,1.072606065547753,0.18730634479742542,0.0001,0.24145376210541863,-0.11421668069276351,0.05128950462376848,0.14498064155019932,0.13862439374965352
99.14814389061416,0.0639696391504471,0.5648950737311851,0.0012797421002393359,0.17312815335742127,-0.5029118150095885,0.03216537135723411,0.0884180512473482,0.06469769693300174
146.19329261123798,0.9867571282690466,0.20128066188863708,0.0001,0.12339411858228401,-0.28900138996812147,0.16013955719837594,0.22570994517941897,0.13634549601315843
174.28468516304463,1.1201859853248652,0.2032038340506669,0.038551978133166555,0.13234398926923993,-0.49462556898981797,-0.014045642272481978,0.09327061923628502,0.14136365493611774
268.13288803646276,1.9022277669001364,0.1669386769218358,0.037526499129387506,0.10303688999917408,-0.45903685860165655,-0.013940284414745678,0.0001,0.18993249485224115
389.95893590579726,1.5826321155061847,0.20329258016215931,0.061288892462782046,0.1962664286446762,-0.6369790832510632,-0.0035413191152887905,0.036741483790707886,0.18077378580801914
498.59283851904405,0.7293766330370294,0.25188970228556423,0.02366316393121819,0.21847693065329815,-0.4766703758734176,0.1070630499388307,0.013510946099785167,0.10224277503140862
480.76213793377485,0.828065608306938,0.1768799967076924,0.0001,0.14585436941440466,-0.0421081053887476,0.122710350749197,0.15100721890623067,0.0988924966085884
378.49195235339687,1.8848370157505354,0.1843904719763623,0.006510793416134996,0.19157629792545977,-0.27398079571930756,-0.08666587591580376,0.3315332752162695,0.18864180135172706
449.0055327496695,1.669989046000657,0.19863386072150965,0.05389441238654317,0.1192541035931133,-0.32406820043742113,-0.04749411517291181,0.023810245463709228,0.17557887961514504
365.4308360746374,1.591751464464358,0.1179081319358472,0.026331913592521357,0.05131428060848878,-0.43637101661996863,0.01389128748154528,0.0001,0.16132808232483606
352.8522013906042,0.6402361312618466,0.23388864369736373,0.0008377510883438202,0.08572214767078877,-0.33076436106314344,0.11094997386099455,0.25021966549971225,0.10909243348625287
182.09029792983569,0.5256918738846869,0.23728055757787894,0.012648085973126682,0.17074957763288698,-0.7587506103083853,-0.021238593096203684,0.11678806107207078,0.08594957548869463
108.18327589263266,0.5422468093284076,0.2721666081947577,0.013568995723524449,0.20952022456201014,-0.4807605773223848,-0.08192872684637983,0.09300376845747708,0.08887044439684634
146.83524195365607,1.4125000094303022,0.19930638257259922,0.0001,0.18956020996810732,-0.5876687867308814,-0.13932531055287503,0.31786363040050863,0.15575191728690424
477.1102214272667,0.5286530140609328,0.2616473362559957,0.015124586600359721,0.26111360945984974,-0.3959990150923034,-0.055295750965043536,0.07510697590496612,0.07714818467255712
410.5964125798551,1.8754124503186294,0.1755890745222078,0.059956962535036074,0.14429704919697675,-0.33055037223311173,-0.01375414039917878,0.0001,0.20841879002040908
467.07095286554693,0.16997456273890446,0.247287171266155,0.0001,0.10525488724452395,-0.7037168596274765,0.04401887984855376,0.05165160411255745,0.05580359016056389
169.19308709659762,1.8673037747038763,0.20057133449510445,0.0010458684938194985,0.2962735756924101,-0.19240957769101005,0.009817353335631223,0.19500097295192434,0.20363982363717867
421.6396116785112,0.855975983466087,0.27557379231544743,0.016928212795924033,0.23403106988687372,-0.37403132070809314,0.030715172819207374,0.13309280604806453,0.12375472249653523
497.7304544659194,1.0497878930701647,0.24222528490439918,0.033220630913973634,0.20051451168245563,-0.48394620059735266,-0.023984914238372932,0.06854395765881724,0.14234382579943383
305.682086424791,1.2510402836533085,0.20069697756538216,0.017718400334598847,0.20855738627459547,-0.4163994301376843,0.013404266931337859,0.19328955325810407,0.14447373874088254
127.95461440704459,1.6663116780842913,0.25172577901474846,0.07880020576110766,0.17700255060910558,-0.3262843285532387,-0.06897086362235098,0.0001,0.19622375412731566
149.5763122543798,0.25144873290893144,0.23529432690533456,0.0001,0.22542069108159588,-0.6712626013723691,-0.04075120777872243,0.07511680122282025,0.05651183712361245
230.0912942468394,0.07300405478475197,0.48203863401409625,0.0001,0.17269566011765072,-0.6732058408508614,0.054135503832326556,0.0556540917132564,0.06253997393019164
403.50955231210054,0.13164687791082658,0.4985239831919446,0.00022593516233817009,0.2679741093438532,-0.659091937249567,0.0871017332344606,0.032911723000784716,0.03875066490817418
234.47370814294086,0.6350065047837661,0.24897683561729872,0.013434845474160661,0.2604545645540677,-0.572137274322235,0.06112294514378433,0.04886826896237746,0.10287119777179697
357.5348465699026,1.172123558575931,0.23356301911516522,0.05263575829532614,0.21048780083685595,-0.04704113662540393,0.018291358069378587,0.027594920539877072,0.14506593534793005
272.8346809672829,1.2059253290480496,0.20855799635331637,0.0001,0.3073855083796468,-0.5644822167839323,-0.19978774060726257,0.21361425914525234,0.13780728247330176
75.4219071252256,1.333988860156256,0.2209426948618919,0.048497466279119696,0.17591811810104666,-0.8971402895093413,0.00203554027417907,0.1194749312589829,0.1511136707236385
447.6461407107893,0.8006212427551049,0.2775163974295916,0.031204052058139965,0.20135903461032081,-0.645981012821718,0.06899577540775315,0.0001,0.12717298366030064
333.29230284650185,0.06493421365728365,0.5189648162484636,0.002939373991451929,0.2824655462473792,-0.7176212961493678,-0.10497044364816356,0.05744794415951364,0.047589453160133514
162.17609925736855,1.6442190328716524,0.16974973044868907,0.008871975304546764,0.24803167743307797,-0.182949344109846,0.10186138225506024,0.13925732514438963,0.14981448647991935
298.4273894418848,1.4834013164694764,0.1855018948828909,0.0001,0.17096496163899158,-0.2624625056806209,-0.08455525136045217,0.27294452745900505,0.13893013588630845
299.76552992148265,1.910642288237363,0.1997859408781808,0.026406522498463376,0.17206060632252193,0.45394835203510014,0.19758032928099173,0.10238985212544509,0.20495759648246464
363.28025814229534,0.8388595995151313,0.19635563373942902,0.02361430751282832,0.056966456803956865,-0.4146424130504276,-0.018325730434334303,0.0001,0.0985713592396954
63.606915077919545,0.35433856353680654,0.3258884523258359,0.02445535839731677,0.17136104200614363,-0.6295906210621885,-0.03763331782262232,0.029865909836481193,0.07405009152530104
433.39308786563606,0.5587966206146062,0.16881571130927472,0.007923700308251931,0.08198568264834935,-0.35522010743967947,0.012796185355096334,0.07712685519344767,0.08968225170462121
135.05303075917305,0.7249600387415457,0.18960614481880803,0.010407270434699897,0.10765699026000883,-0.5442913102864347,0.08972291939246986,0.14862728360363295,0.0933339774159883
279.7254961267457,1.7494830991818493,0.1711366574326501,0.039558057868110105,0.09644841450554861,-0.5511159176526218,-0.06346926961497355,0.0001,0.16686350616200804
472.14946513690506,1.6110826260692972,0.22187388437034963,0.0001,0.3072376493748846,0.028667490988244216,0.16773891806969768,0.16680831903974677,0.1986284008577593
267.90846228256993,1.8484223261715838,0.19896850577284061,0.05758629859519769,0.2578343138202001,-0.17786244646752652,-0.05464461847034958,0.05480113594801438,0.18602108564363368
475.3525516928583,0.8702562235173041,0.22226337757874653,0.0001,0.19777825162855675,-0.3687861262348904,-0.05756547658778205,0.1912424809209668,0.11103838036710965
490.44015413382766,0.18681938841821866,0.3460609930178094,0.0001,0.21403182219916805,-0.7017391643484874,0.052044946930409994,0.0702272209068284,0.07572101979144345
197.76860216356988,1.0552668486658026,0.19474446621147612,0.030595915597519768,0.04853729379517229,-0.999,-0.1089696197634182,0.0001,0.11833008989399793
158.73027726878843,1.9706578456708095,0.2218936770736325,0.04943549029705617,0.10119455302842907,-0.05276444140399925,0.0966199279872856,0.0001,0.19780785425691866
472.7561454912499,0.6723990628235356,0.3011898787376994,0.008954983414035859,0.2613648951851001,-0.5937124520788046,-0.026906308703771493,0.1469539728581245,0.11695978637178422
393.3422329353732,0.3517363843013934,0.21997169983120898,0.0001,0.1355199014061792,-0.42592111428382096,0.01272608568405687,0.12276160897728178,0.06556957178429461
149.95324916122576,1.8242688586220859,0.1457587344825191,0.02867935934452698,0.09537460656333041,0.06705172949549634,0.07017243898244724,0.05437081589156749,0.17972977063585122
426.97483067655185,0.3154724608456602,0.34674860571624183,0.006897441563749508,0.2291141937729016,-0.5464668295807316,0.06480405902576782,0.06053575971624043,0.05878447829207936
235.91199463705402,0.9659003293773,0.21202379202200386,0.03525654794071278,0.1235393998592687,-0.29200069603622475,0.028392352484150625,0.037278152863309294,0.10867317091580175
352.7601639335986,1.4653156433307926,0.20356428933671633,0.03825847196577199,0.22463065656245895,-0.589541365858608,0.03293473409868973,0.1255635272704147,0.15644313217064748
360.7350278360914,0.21689700584189164,0.3628585459615252,0.0001,0.1584242183970998,-0.6209193824340921,0.06377732627490065,0.13390332783873282,0.08439573851353979
353.2730316195424,0.7880086293423537,0.15915051354386223,0.0001,0.1499144785227391,-0.32314453967343926,0.03010008976019834,0.13020785032513787,0.11429327597482908
448.2524619508412,1.8496400731422562,0.15396105109250727,0.0001,0.4110929586083784,-0.8437191679933739,-0.3894834379908383,0.25526934731159767,0.20441860759046107
137.8963631726458,1.6464147228380992,0.22670737654668865,0.05712876877217886,0.1520983203632762,-0.46687937547242364,0.031790475065407,0.10193469630678137,0.18457481395498102
71.4487118815848,1.034442282681834,0.27411002425583997,0.046662234687050705,0.17279022758720117,-0.6174951686284628,0.11356813563529419,0.0001,0.11164806325337724
232.03289982269635,1.6597233013276012,0.2270701890143297,0.0001,0.2646738718352073,-0.8759758345155899,-0.3594750184234142,0.42858238343477206,0.16760185107720313
476.7272929158372,0.8347405169354117,0.25007698206819856,0.008003097793480124,0.32702833082545896,-0.3907241377193883,-0.06709564356008663,0.16163556010416524,0.12041305962934261
451.7281157054103,0.7020026631341747,0.2556019071716194,0.024376642369097107,0.24402436781402975,-0.741737794212386,0.031049877448497184,0.11586963605852467,0.12911819436698907
197.01346587867062,1.1609119311736082,0.22331449043529014,0.0001,0.15388053542646662,-0.0443424285373772,0.08119808797280428,0.2047268671848443,0.13652701845322823
78.5142849923141,1.3284956593324435,0.17447695556721274,0.0001,0.21231187391344922,-0.5388099864132644,-0.13131968493707966,0.24535651637924988,0.1548067919352572
103.50929349986609,1.73084940794743,0.15480465926040585,0.03827789424059853,0.07412559642556804,-0.48940321485028315,-0.05839609187767668,0.0001,0.1758896001765902
175.95348012563056,0.07924171668260914,0.5948858293272784,0.006305481437643751,0.2302074347232432,-0.5537311874458846,0.055896566555171646,0.05216878872054604,0.04395155566800428
101.90381461787337,1.448694439178914,0.20647320666211727,0.0001,0.17489243238507166,0.2730353823441028,0.1878591649164095,0.15613982053020706,0.1568641809643356
250.6797161314199,0.9690628418074501,0.20564103482059296,0.0001,0.2313625649910514,0.2569079315638114,0.23788661776568035,0.1331629013655451,0.11964523793789814
408.47993225444964,0.5219464158609641,0.19768082602580161,0.02621159355131161,0.0001,-0.999,-0.7920804396613296,0.0001000005886319792,0.08899090100005275
435.756447002048,1.3315100936978745,0.14246566288127485,0.0001,0.17695271308166843,0.48993767039876973,0.3170287523261638,0.15607263807143287,0.155644488516526
471.82462612844415,1.2862012609382485,0.12726911017805118,0.0001,0.12557137299408297,0.09028281785265437,0.05129722265972042,0.21997581240267405,0.14210721724119205
148.41817789407196,0.1773640558738458,0.3530530380566441,0.011973045382761432,0.1732995122188532,-0.5875707153005417,-0.029548693095129853,0.06690180255632515,0.06855566147415963
236.70159264288907,0.841508655109323,0.19668589450487345,0.007716215837399502,0.12285389958043152,-0.38742098675380365,0.04175781963735193,0.20458620204294503,0.12821830027806047
147.95877092807154,0.8599885747307972,0.18172564204210961,0.002339957889344961,0.15456498690626877,-0.25526981878628563,-0.060167429491696234,0.22111882064864613,0.12854804326164712
247.1405409021547,1.4790312406135766,0.1811904808780963,0.048242058749836544,0.10574107887399568,-0.6565032153358439,-0.16215033312691768,0.0001,0.16419921930252324
321.5809024479703,0.9929878688585752,0.14683371244550367,0.019138196201563304,0.07009103030779197,-0.18952216405625105,-0.04160391409200998,0.0001,0.12461231969550533
268.0268484761666,1.2173163525742954,0.20335514163183363,0.05078593781403226,0.1978865132683277,-0.34708824488088985,-0.01391826954701717,0.0001,0.14067931002594478
137.1842663195116,0.5627720158686039,0.19735785062386774,0.022760576406479383,0.1015939469757043,-0.999,-0.0011191721370461703,0.0001,0.08624115342433529
258.4986823982557,0.8951443694455917,0.179989007866212,0.0001,0.3291630801226643,-0.673961317450889,-0.06010015100774369,0.13754201248175724,0.09602259350992548
102.11613030055975,1.7635043990326658,0.2161002568302649,0.05012273040539092,0.2297560412284259,-0.5667319260070388,-0.15860401642937802,0.12543738122264073,0.17662719513932384
337.25071202863097,0.07557760106501979,0.37727230816742197,0.004641916574867832,0.1367659313693536,-0.6710083376852455,-0.03319132251130344,0.06597840473004155,0.053599357621774056
328.96157228918696,0.06085389376760457,0.291252915381715,0.0012222244433199507,0.12099020162681208,-0.7094560695952874,-0.07074416566036074,0.03245014986679848,0.03838958087625438
155.7380197440572,1.9706080539346542,0.2187987618772751,0.0001,0.33194563320201176,-0.082751119963932,0.13746664785858584,0.2413214559938859,0.2172021662657857
372.35371247197094,1.8904016048090015,0.16689376564025937,0.02637008407542049,0.052651393517484546,-0.24637008152226647,-0.00929366743181454,0.09386361871345715,0.18380765279714648
128.7148886853347,1.3662843953337052,0.21145508313410194,0.046801398893558964,0.1770260454923572,-0.38957079107856607,-0.013814778336065047,0.0001,0.1608714284523495
193.16207312752726,1.2265413570102992,0.21682781787982858,0.05585090146208084,0.1686299388215852,-0.38937161702139755,-0.047539449496475754,0.0001,0.14063723389832913
75.74471403521429,0.11606698741170185,0.602742721953205,0.01709945925950575,0.23155945741326905,-0.6136737062880703,0.06495107278519421,0.04065327800992592,0.0584471064839995
353.775348207116,1.606247316900968,0.18954781341555907,0.0001,0.31589356617373904,-0.44579329623715797,-0.08211437917469043,0.22147511522559515,0.16843624297268003
221.9227048448363,0.8410620041960064,0.16819879082537886,0.004934573728764066,0.14275369459423104,-0.31107245243582954,0.06436330822625826,0.12746337475502895,0.12331000648943226
466.3834531790777,0.782183798738645,0.2054546413562541,0.03397024075750163,0.15506535685819364,-0.6125278147661043,0.008263207431232631,0.0001,0.10049148418468394
262.59878516116794,1.4627147274196306,0.1736117429501119,0.013012892500049097,0.14383140838045874,-0.4754516321418333,-0.11324319028216231,0.17821834426542713,0.14569821029789368
217.5534996909058,1.1330314040733456,0.17162894855296612,0.0023521540952314143,0.10764338799220374,-0.325150293265208,0.044206949777848434,0.2647716509333311,0.1349444224379324
128.71902601893862,0.9127015741400553,0.19356328715707039,0.008935334725130136,0.20248394199306222,-0.43457776762764005,-0.01000826694866245,0.10232083614389677,0.12029899697857725
138.72605720285367,0.7443030107197635,0.1945261470263141,0.014966072572186502,0.10805277374328996,-0.3618497849903024,0.07314701902655116,0.08374768083633494,0.11266632100917014
213.39232610411818,0.2603100885193536,0.4442899964771585,0.0001,0.2752173723791067,-0.6161291685338504,0.08725386628368245,0.10409256935922023,0.08187967111674141
480.5505554629985,1.6974020819490412,0.25580230898257783,0.03721272358079885,0.2824803714380218,0.130979402850751,0.16149198387975866,0.11330784201794505,0.1732538066253702
467.1452762559018,0.5308717435740733,0.23437920693570016,0.025061034508188498,0.12651275745899068,-0.7790692812182238,-0.031161417798198823,0.0001,0.1006997463840697
269.56934323413685,1.5007889732138564,0.1602733843072666,0.0001,0.15579103026450875,0.06422958046343084,0.09385275426094264,0.24182554273052098,0.1712609103310466
252.05606010878927,1.0731649540669397,0.23478490682981748,0.04275020566041057,0.16469266016041548,-0.5062763735359078,-0.0690218881284352,0.0001,0.11675199131799215
86.42788733437466,0.2797927594625607,0.12412226959602853,0.00375056405311505,0.039654477025108194,-0.7631222648536552,-0.06898548832356659,0.0001,0.07285735440324612
114.60746214040064,0.9092153314134515,0.17092837579338366,0.02353641980340386,0.16212123727216787,-0.7252603491447297,-0.040239813359635286,0.05007827991574219,0.11319825364340654
273.6136678424749,1.278704813428834,0.23402816027472362,0.0001,0.3038962204352031,-0.3091728361830856,0.0041848702236686516,0.23452393102771008,0.12680411375267053
199.8964605740694,1.7138160812061727,0.17877329293666397,0.0001,0.19313719410354324,-0.46566927275288883,-0.037252559798077206,0.30076604601990903,0.17224052459335912
323.7408571225201,1.6783995499829032,0.14831050569446086,0.033321685484609904,0.08079622015161901,-0.5440625340536049,-0.09655584899089739,0.0001,0.1674837781552277
366.52653162498905,0.5040516358198666,0.23811784458825144,0.0001,0.2561176065728014,-0.6894444671388245,-0.07177298366752868,0.11169345086336005,0.09225279734899046
73.44243180294245,1.433685229369247,0.2145487505381951,0.03730889252456598,0.18845843876135412,-0.4185675388073461,0.0043087840319478805,0.12953847384502135,0.1512271268569892
134.05239433196488,0.32886845550149285,0.3346462206986942,0.0001,0.17378223296223447,-0.3836750451058835,0.11051985340610625,0.11646939361629932,0.06670415935729405
134.98705090715958,0.8338673556336993,0.20587421797982786,0.016136493974943305,0.08629786952490191,-0.31894316577096604,0.09650447559320091,0.0001,0.11913627707271689
491.3430082550493,1.3208412515801415,0.2359611999881305,0.040723000794705984,0.22915786581823996,-0.4037371375196243,0.001488464877972316,0.07608604842532064,0.1427621431308674
498.28980101408763,0.6424974218801968,0.2352724903285749,0.013396018799000054,0.11156201898455412,-0.08299166636136637,0.08892003518733832,0.06134161224027344,0.0924218065646501
80.44780546373234,1.6709000484103493,0.196537393995125,0.038650343036645364,0.022290176863765002,-0.7760819235244882,0.041403521608284276,0.0001,0.16677093639643925
155.37064715715155,1.4153828705180058,0.250136780353091,0.06185830704833545,0.17154452055353783,-0.18649084195176524,-0.08811772547820675,0.0284711923249958,0.17296669025588698
263.58544038842786,1.2324065583703312,0.13327613616557812,0.024199900825121374,0.08088190445056732,-0.07791826892950983,0.01364754572402333,0.0001,0.13193812273345662
244.5628122670075,1.1104573117942738,0.2007659831673895,0.049944442653197266,0.24546171377977336,-0.5789471127897844,0.013560785667329904,0.0001,0.13520732219369225
326.6880894986165,1.2478566021563473,0.22149385740584984,0.04848328120898966,0.10951280571381689,-0.999,-0.03858665470531063,0.045827219954438704,0.15475754878517542
304.53402835700774,0.3187180589173885,0.31026459950905677,0.0001,0.30502522942561305,-0.46872144015654577,-0.0816830952171079,0.09897037635293944,0.07709670839263216
50.02073196180595,1.7584842837732864,0.2019565375488135,0.049831610513294176,0.1833269876411525,-0.6577790786933029,0.02727301645288453,0.19480502453231305,0.17391873544800457
427.03975003197445,1.2549478351298766,0.23052482715475392,0.04645721693565655,0.1528480198417968,-0.811635985148918,0.05337606441113836,0.04542595292493459,0.14644603245441112
239.43844013463948,0.8218274266420378,0.25328881041729123,0.011747280661373944,0.2999478679558781,-0.5332470916939327,-0.07863584453012414,0.12026759192015844,0.11244253040093889
328.26472544918187,1.1044318260968202,0.27893919846048765,0.044224197630920295,0.10917670671756481,-0.5421861884811051,0.037559887347676214,0.036079629120881425,0.1314990036594087
428.0819030699854,1.5821748343514705,0.12429167298967936,0.0001,0.37040316977435345,0.8480849696897308,0.4125446964843661,0.12439774632948154,0.1725185294177415
358.1035471945693,1.3274924047260235,0.1333399515391557,0.013028376534621258,0.07455377520404786,-0.06544479292650521,0.020387470065139593,0.18160543381415017,0.1364739448602859
101.60021797517018,0.15994400939937642,0.22945579641715164,0.009520492792873819,0.0533390745007281,-0.8226341751294931,-0.0652429737020668,0.0001,0.06396040837530444
176.6424478703815,1.4174834954663347,0.215154065403548,0.0001,0.25662009102472944,-0.37192029940869153,-0.10601330807948448,0.25686443925493285,0.16662337017531842
208.99126888702855,0.446532518317593,0.24163123276190104,0.0001,0.10634164410895164,-0.3676005511084045,0.034006339416601646,0.16652883672394223,0.0840912341764202
394.0653990105544,1.3391501700761648,0.18434730621718218,0.0001,0.1982854773144981,0.010147401835281329,0.022922549952023436,0.1988128410380575,0.17167050215066185
354.87470263060186,0.6167662571049227,0.2801551738395896,0.0001,0.27416040655213625,-0.18002168584289396,0.02005502716111845,0.13120330168328026,0.09259011114033765
87.83192742798084,1.5077903951886675,0.2290551539648013,0.029824038896366683,0.2950535683954109,-0.40781079514840834,-0.05307718198370352,0.10958838896150928,0.1651899147604547
177.32896454102092,1.4884347301446135,0.17061224295842742,0.03362165233156543,0.0453134434347886,-0.999,0.04132782928779284,0.0001,0.16290755406436233
444.0411523195659,0.5254414541631014,0.25987433396899523,0.00018857595171648827,0.23824743966890854,-0.3021615074711115,0.04196610252509495,0.14860449986697744,0.08927477684066558
250.2994419730803,0.6808903294967998,0.2336684312076232,0.016536939164396885,0.19407151748545926,-0.5647504902183399,-0.029697515278999113,0.1228510524806946,0.1011793945427966
229.18940751215013,1.883190833014018,0.2034199434606503,0.07095358817203365,0.0750946902879718,-0.5858365771642415,-0.041514526702194327,0.0001,0.200069105841846
287.52703987589376,1.9965619808485384,0.18140921000369054,0.037649875323789814,0.03426464016720472,-0.8426011003439845,0.09649657953665881,0.0001,0.18469653419518134
459.9342210242504,0.23255976440088771,0.3490076156172375,0.0034125573201321912,0.23952738210223487,-0.7427475428934812,0.041266235414017666,0.0936533682518587,0.0648228092111894
159.06995098303932,1.8836817554467309,0.18969379502193348,0.04887816001635802,0.1085579137146601,0.052987168017016015,-0.07997575009217459,0.0001,0.1848520224074582
396.00353425005824,1.590376131679594,0.15259587649710343,0.020948962673908493,0.14947379591899773,0.02801840036436736,0.1187582006067175,0.08185601239911969,0.15957603315255306
479.5859864689073,0.6671710381634225,0.22601502413105445,0.017600589718284463,0.15943760729794457,-0.5151819154311293,0.09632104600325572,0.0001,0.1002968887514977
214.83230379207575,1.0496420983775063,0.20005271262353247,0.0018443536657876765,0.22598092217194418,-0.3718946102912476,0.07764461830991921,0.1894407554192951,0.11951672003169501
112.90188131880313,0.5960489380563024,0.17468520558399328,0.005726030029041096,0.22048074367157364,-0.7117054983615253,-0.09400502747523082,0.07919626726745625,0.06438522994754672
490.28070993598465,1.1202708671045591,0.18136002299288664,0.000986916269216776,0.07330400937753762,-0.5259355442559064,-0.27568064082261,0.46424708037538176,0.14879990832414136
217.39262526918242,0.5914310645901977,0.28748135794893137,0.02980359563630203,0.24873409307366426,-0.5652674348964247,0.050017807360733135,0.048800801687996324,0.09211286158849394
318.3738364795737,0.2157016581132331,0.2412895661226777,0.0001,0.1099579673318867,-0.5424997435258772,0.05002302342045153,0.06783829512594708,0.07209616611801012
261.12341764898053,1.0755431063357368,0.1762618640608917,0.027233804235887983,0.04817593117243592,-0.3711966430387905,-0.051342618925489185,0.0001,0.1319993540723281
367.13019516003015,1.3020926902424161,0.20642004183448742,0.0429329032655589,0.11992184123329683,-0.5416185399239027,-0.016371553338664135,0.0001,0.15327290691087478
269.0753665818788,0.781978823496485,0.1711071374370605,0.0001,0.09851195017762357,-0.2267260590235301,0.1601294740821272,0.14887411352129146,0.09034576530776216
50.49453673111924,1.722027283651094,0.21430014847973763,0.019843941034218462,0.31840891659711046,-0.14828260869605403,-0.028627575146165613,0.1980585059247965,0.16986614716634382
333.66206616180943,0.621567017178273,0.1700850372142387,0.017673908409407028,0.12686058997437138,-0.6118720071800606,0.02021405782028288,0.0001,0.08354288144859914
465.6616116482881,0.2512235433499979,0.25731039471614675,0.005546373496131384,0.1621823225807001,-0.6106461571739992,-0.09829690955869108,0.0907909615329538,0.0700964436919398
323.5339203180917,0.14033402414743862,0.17625841501593928,0.0001,0.07264279038933355,-0.7341101745067748,-0.04821846113178102,0.07031637223879676,0.06549286050646554
66.07846347532293,1.6483031624921562,0.24143731837253937,0.0001,0.3988445065756583,-0.6345205362480805,-0.15836274884303211,0.3114438712790989,0.1767214597360928
179.86758680408803,0.786851708788522,0.19247167939654986,0.023649302164159072,0.07059143756504577,-0.8501625449872328,0.04554042412121366,0.0001,0.08167048457504635
459.5528929439977,0.08193901192493172,0.5391663161948945,0.012671433511722624,0.1985094626586611,-0.6444198831291555,-0.006239548107694732,0.06590616170628406,0.053057842728481804
473.6707256588627,1.8250226000758996,0.18675972521634338,0.0027781000380983473,0.12539353873414524,-0.07777818792330811,-0.04639332478604916,0.47967211782216007,0.18746821968734323
456.3627062897695,1.8058379391713493,0.24195630447500774,0.07302626325174172,0.12533154207665284,-0.6874259511518439,0.0690532728403027,0.0001,0.19282971870786966
135.51866684791298,1.9382915823357851,0.1919669937704362,0.04454561740046441,0.09510164967935231,-0.28158009750644125,-0.0965597265176437,0.0001,0.20069369504234377
89.1684175092162,0.2999763049370845,0.2837894738133266,0.009992263462438308,0.1152037946250724,-0.7384494599069746,-0.026709788683620384,0.06551715537519213,0.07312061163931612
187.84218011321084,1.4800474400183499,0.21553704049931902,0.034233720291973274,0.13269565820147153,0.532986345454688,0.2620143516228623,0.0001,0.18515478136722155
339.75300485546836,0.19971762373513857,0.3335406724894423,0.0001,0.2840946673222969,-0.6776793046969676,-0.05486506368240847,0.08810884121884095,0.07429353330798147
256.5650694818404,1.357125785975443,0.1815795502902231,0.03908440126823794,0.16525039429548413,-0.35451148736785537,-0.004361227637027394,0.11583191243586961,0.1582362314738939
444.02762009101684,0.5659273166752508,0.2503908100552554,0.01618707859475474,0.1320205704800254,-0.5379845646659895,0.11485642215897239,0.10809039423375776,0.09591049841738107
382.1354514978797,0.8199023902321245,0.20002071554013573,0.0001,0.19138677073065186,0.24931182740069927,0.23467856397721326,0.1216747786503738,0.1233968781154391
396.67734051780707,1.860212259715378,0.166145970614916,0.04062780193979764,0.13980787727136512,-0.45608122339629104,-0.12419300048348314,0.0001,0.19634877358182576
465.2612202522205,0.46786243908497355,0.25113202871422474,0.0001,0.2847218190779436,-0.5402331990618875,-0.10386471006276592,0.1054113400840542,0.07474499387637037
314.22884392217736,0.3900408686066834,0.2498154981428158,0.0006231188303516677,0.17140944373164552,-0.3040888628675016,0.0790495537505127,0.12325090255978119,0.08141344575184782
426.0272259172774,1.9376868644292728,0.2156411647471425,0.0001,0.3384394178014499,-0.13647988741419526,-0.054913719700592535,0.21389300770554673,0.20000830912868278
493.30586138970824,1.701489534355739,0.24192416866109584,0.06695852998726086,0.1824202859176031,-0.4641524135190394,0.06901969573411483,0.0001,0.18454166233109132
273.8857750072598,0.7973291003048018,0.21391032089842488,0.0001,0.23747721442977593,-0.393371250371765,0.06579455120256966,0.13245589095501747,0.10434524259664835
123.02077391378066,0.2426433773780109,0.1734468108067331,0.004972653516283918,0.1470246308821149,-0.7460672303808835,-0.01306666898774456,0.040041697176043105,0.07239377318110297
487.4360864735559,0.6246742447428043,0.2373804791350499,0.01450429820988749,0.2690824155115328,-0.5882093780154155,-0.09158030428016276,0.12009410930674429,0.09979545088054617
426.7499187120808,0.24155639714246935,0.27088291922807456,0.00970124567606707,0.19048114094998445,-0.5881356198082853,-0.024036379988054805,0.0001,0.06615152320256965
58.000987844684204,1.6407417949860492,0.19956841456548413,0.04567594810023502,0.04187632237820593,-0.999,-0.013712695947913401,0.0001,0.1770972169135924
112.86416702521792,0.41444467553584674,0.24746381065309708,0.00028274436548689685,0.09978480910642874,-0.3136990511471726,0.11276271564659408,0.1692288537497591,0.07697849627476996
409.29579878132967,1.7287369734527236,0.22156292146614626,0.08159795256577117,0.16009875823334632,-0.26717212310118404,0.020984519714515527,0.003241488498280401,0.18588698080435173
59.190003500061195,0.11152595737715328,0.3775374292871339,0.005117918539008587,0.2748741378470398,-0.5355994056539837,-0.046506639188599846,0.05183453123574858,0.027350405480843828
53.02073983432325,1.2360915302519284,0.1350624946794612,0.023330290688716015,0.058535325043206896,-0.7288227124414882,-0.013783821137665431,0.0001,0.13598570902044918
80.14467107746074,1.3835690545276906,0.2145057813664031,0.05853391305398513,0.20357550107745462,-0.7698999337748778,-0.017238486004516253,0.02391938437688397,0.15792198463791576
243.14292695511523,0.7276631655503661,0.25817052038176125,0.035133050768359396,0.2548476514080869,-0.7481470277901887,-0.10639954279784669,0.04102028678183416,0.09879867952391562
363.92972322559,1.3015408824512598,0.1912187059767469,0.03125585519906986,0.07951391065079347,-0.2953758660863385,0.10729921395876645,0.014242679653099527,0.13577444924649024
300.9241344390332,0.22990798510405203,0.39588973093399116,0.004616471870553487,0.24203521481167786,-0.5009805630302853,0.05447015766032699,0.11559665364812378,0.07179286967107483
480.06100511071264,1.9770566276854489,0.19754508993876602,0.04661280416404968,0.0719008036607154,-0.44441791524136276,0.09643677580347822,0.0001,0.20034552532698513
66.53841053318942,1.7968083893842544,0.15361016574303196,0.038632171680281505,0.03798595858238361,0.445990612418887,0.12422940606169183,0.0001,0.1671988025256085
450.8587863458395,1.4612742550436832,0.16923055682640395,0.023359221133364815,0.08263878286133637,0.024448515905474155,0.0964179187402226,0.0001,0.1569464590568982
431.1228399397289,1.6187639790103612,0.21740754046115074,0.0001,0.18108201681890618,-0.013812673158008649,-0.012917987760056378,0.3282753350056426,0.1608673792665861
438.1343434596631,1.3925764621197905,0.22562983875789883,0.043186561001422,0.15645579723940956,-0.3636640626006253,0.08038304993509314,0.06682636170582507,0.16294930170450958
192.42925799698725,1.7395102200599764,0.22583869578925006,0.04816755050665373,0.12339645087523134,-0.4557900239812814,-0.14366479435923962,0.0001,0.18759920796203935
87.13143982148529,0.9213278160321936,0.19005399627812994,0.00028379877247421327,0.0900297721936593,-0.32246934838286856,0.05907445411195823,0.20055236877361596,0.11344802283824434
59.20427521233232,1.9046947125382958,0.18620389447228733,0.06821223651201792,0.07947856470077498,-0.7945603818009372,-0.14575888755809874,0.0001,0.1970075650962512
423.094687580473,0.2591001742332237,0.3577895454536913,0.008308461637867791,0.2760278407028434,-0.5198103967493299,0.04515642090634405,0.07743195138167766,0.06743239508077398
382.1259409520692,0.5734763096235045,0.24179969724773845,0.0001,0.24706726024451048,-0.4121813492048999,0.011597669759699529,0.10491174367357017,0.10321612683444137
159.61228472485317,1.4459483001749243,0.2465020756541245,0.0001,0.37653738578307133,0.03291091582405308,0.13987886435419353,0.1818812148011092,0.15039457922461874
103.85267276990098,1.4172356407741993,0.17442165635426954,0.040156682415657424,0.04417149305094389,-0.42770014916967886,-0.12900852011140562,0.09946016720313673,0.15073322606931489
84.98448218017695,1.2528103841140348,0.18555346724905286,0.01744964820165256,0.12053534913369042,-0.08548488532329485,0.13010174882684997,0.08764033439121675,0.16051576166398754
121.29214887249121,0.22638857630551917,0.3296713333656117,0.0001,0.28336814556714235,-0.7592201856164792,-0.04241253951329647,0.08976232718321263,0.05675720926586773
123.31918494274947,0.48939487113890995,0.27231439600513324,0.02262094538734927,0.277504891807287,-0.718842128843357,-0.08446246058006801,0.036066859308162814,0.07731282656645343
291.4399740443455,1.4748620020558934,0.24594272659774355,0.0001,0.2834391027869363,-0.3986549076143616,0.0700215368502589,0.20329421999947367,0.15235958882320585
362.7773346112388,0.6548133043516364,0.2677152148918221,0.01611993720153194,0.2526299699264526,-0.6638494306172326,-0.13025202454312806,0.1169198412809054,0.0958809481235498
192.31975709284293,1.6746142673543662,0.24226607499408326,0.06769127058439528,0.2564298776933913,-0.6014690200019847,-0.1516703974768411,0.0001,0.19014485185092742
292.1811936806878,0.19809781824043055,0.2629423619173168,0.008909829572211625,0.05481520615143939,-0.9782879415727084,0.07251611659283562,0.0001,0.07455605307041846
385.57447963255294,1.8732221172420118,0.22229189096301982,0.0739604866355226,0.1921786118645836,-0.7221440685490925,-0.12202790055070596,0.0001,0.1812059115106896
429.7524138025925,1.029545211448254,0.24248651317674783,0.033983446057622914,0.22075712416733762,-0.5130200121973925,-0.12542989730184234,0.08849257058722614,0.12834293705331987
418.43425130661507,1.6812429977496397,0.18738225761107108,0.05163706257010949,0.17648392296347518,-0.5089293815393224,-0.1533933668114117,0.04152808615862714,0.18067387145529776
82.17524293619786,1.867334519454919,0.1977022889210703,0.051420582649621155,0.06663909717389925,0.0024391863716241857,0.06614738106000756,0.0001,0.174593006914551
429.5721488087185,0.8234496859434937,0.24787309945926284,0.024669403787301886,0.27024190114679364,-0.43949209439414705,-0.06178399693677359,0.0861246528139381,0.10357735077046022
322.46862111986695,1.8093338257443687,0.15348922587761765,0.03698436433407032,0.08561299979199553,-0.9259075829068953,-0.09665146339948595,0.0001,0.1859177241025726
346.10950396768527,0.27748972910291814,0.21368614675961398,0.011823008032252995,0.08492128614967111,-0.5807147911248713,0.016747930090440677,0.004446254789460405,0.07196577268759621
196.53981081960643,1.2973415671565571,0.2850096474402776,0.06626985378841119,0.21033475313681946,-0.1961980561791156,0.09611769734616109,0.029508138835764124,0.160543473751651
463.4933972885148,1.7379085823679228,0.23173422951622175,0.0008756439047929188,0.3971176293135272,-0.7580656161783146,-0.21619739041465594,0.3185212218683628,0.19273717327346318
278.99267294681954,0.5271545356604685,0.21779837161329463,0.010819527849495886,0.165911737630462,-0.4552384351047341,-0.004616325014039102,0.07905381307114111,0.06921229008338381
415.62429524896174,0.302629548351863,0.46020694539313023,0.004674929677632101,0.3101191613127391,-0.6050435666072506,0.0932455031801938,0.12267451727496564,0.09100230960067918
160.76292453915744,0.8115946184811533,0.17631551287658098,0.014909186135094666,0.08011666087108696,-0.3071037292880691,0.0757164916281463,0.14783294285215104,0.12752112885042585
320.2944804101225,0.8474241818926427,0.2129454270713688,0.0001,0.21463332883379282,-0.45550960174324934,0.0132358872067541,0.19456303326411853,0.11208644966800002
274.6983894657951,1.0418093323266295,0.15123197942157476,0.028963904192741172,0.0917075348962703,-0.28964805937447996,-0.0368165243730935,0.021121187360899473,0.11910845192629019
277.2560704757433,1.8090081836848582,0.1400578259047426,0.03311502731693058,0.08619087985631352,0.24226774420459987,0.09647391105024769,0.0001,0.18261309204299692
435.0964398240732,1.1976219503496608,0.2027139584731278,0.05125251176509545,0.19257375084132392,-0.4841042399644935,0.019957091904555926,0.0001,0.14442090390560108
277.3469774605626,1.158950077574361,0.2454346452147928,0.0001,0.25343407707741417,-0.6140676178478317,0.03804355008711943,0.2220326237311344,0.129305725286433
429.75221778250113,0.6055554021953858,0.30285152713727254,0.02536972337386313,0.12898199824507275,-0.5367834125463345,0.12354826156970157,0.0001,0.09397753071563332
270.4919823118985,0.09687538591192038,0.4682124866669092,0.01721431253544269,0.10837589502623156,-0.5416060620924358,0.0314255182466467,0.018148082139200553,0.04914516251339001
222.22185470514026,0.8086579275099867,0.23709674408887155,0.0017792693493996078,0.18929559161036932,-0.11045663970710938,0.18327768312036677,0.12087106589507812,0.1177452308856374
482.3530462011733,0.8931774721888424,0.27692700153003547,0.006343230245322366,0.2973130735981672,-0.5110280987683442,0.06537106360645202,0.1185095382934681,0.12295730912484426
455.7068143071859,1.714825282883223,0.21959501528109016,0.06947970616650603,0.14634251897498624,-0.3357540689838863,-0.041410665344289034,0.0001,0.1988314323618084
252.8228120294679,0.48122665724491887,0.20856286578300623,0.02005163141802823,0.18653736287204,-0.8477377497202977,-0.10112383959337352,0.02707073610309008,0.09317171814746776
217.31015743995349,0.6862934948297638,0.1761790738024915,0.01649885539431451,0.1580261860780536,-0.4107893744911213,-0.0269859891874303,0.039139495452468163,0.09441666408397352
204.2868434444999,0.27300937122696856,0.2670781662267039,0.010157808562723608,0.24288918155784772,-0.629537672775593,0.034052165568900776,0.021911782682735977,0.04498671892089105
395.59246296703753,1.2857859705753598,0.22338888228537088,0.04546893160411571,0.1391127939807611,-0.7686472320935643,0.09657000748291647,0.0001,0.14993182749382203
292.3059234510988,0.10378314050397107,0.408770226740129,0.0018569274951902972,0.08416114456615424,-0.7109646327948204,0.08641837089723213,0.11047849914544475,0.06997638281662735
429.11178956686206,1.4016413982466331,0.1892191782984155,0.0386600195803109,0.09450871366375287,-0.6481933805554633,-0.09228000518534375,0.0001,0.15392710028621326
106.07360250725198,0.9645947065918693,0.26405046209139904,0.005132311595945543,0.3602468605886749,-0.5795209034386556,0.035230941026669384,0.13476762439776666,0.10515121702233945
478.30615390693214,0.9298938559253044,0.26652057562485015,0.0001,0.2904654822987953,-0.4659970414335658,0.07080508425917867,0.17899993258848973,0.12966082175121005
231.50128790795338,0.884229709596733,0.2570280117174556,0.03608952636643837,0.16352663545691198,-0.7845160478502035,-0.017879282222344885,0.0001,0.11458817239286151
334.9464209640559,1.4333966982856199,0.22837053305108795,0.04227203598487145,0.24121264039012344,0.20685989634812285,0.06545401494584445,0.09258856392031406,0.16222894529442888
172.34223720465508,1.8408236427420894,0.19766606268402515,0.02600852931848502,0.1343998038926219,0.16929770884553316,0.2230488314830511,0.14277548914221563,0.19736352099001092
96.01045184295157,0.6206283737285385,0.23969486771388673,0.0001,0.24194091082324878,-0.35620237141446315,-0.01507099570140634,0.1488967059564641,0.09195096884502921
227.2452143285077,0.1637189846312804,0.4193205514522099,0.003723723204150456,0.233139323791588,-0.5623498536785283,0.023377043997113347,0.1097940610242475,0.08398711428878607
413.3573329649804,1.6864080823801884,0.21233370903706694,0.0001,0.4374751775166018,-0.6826158997804198,-0.13544979633714005,0.22642583769949,0.19829136105406475
322.5430318373477,0.45984244056287704,0.2507153807142995,0.025837641708744585,0.11909989625038986,-0.8303402520638494,0.03361506147782591,0.0001,0.09109577224143071
395.6637109336404,0.9975424633311265,0.18026998253104928,0.0001,0.18877015407026104,-0.30677249917289634,-0.07654257390155492,0.1701888684021331,0.1230234025928696
377.33282643894046,0.6653028774488181,0.24606538976982786,0.0001,0.1940386145826721,-0.47040052237362256,0.06968650244504493,0.14487853003769396,0.11127894966994674
279.3038837844769,1.4756468111951686,0.1853600835748091,0.04048955155046517,0.06597357288701522,0.026990064884016143,0.1517890425905502,0.0001,0.17589690736111166
233.6774027200821,1.5893561440634063,0.18142301067483652,0.0067478716885780955,0.1846577521813119,-0.40652027342667946,-0.12690837552534912,0.21856006366921676,0.17199136557835043
64.25886681853808,0.8683759113212923,0.2722719218736809,0.014949899432723464,0.3271286156817483,-0.5077915965271156,0.03353680354041645,0.1504344870242925,0.11501852198225408
474.1888766021291,1.5130590917197657,0.16449413158760284,0.030224884190972072,0.2734772331810831,-0.39982219427957294,-0.08975905031925221,0.06690840273491869,0.12926031103081703
295.38342281639336,1.8122432647754694,0.17116759904731058,0.047950527330355514,0.10289587166948186,-0.6019872423311552,-0.069015772272984,0.0001,0.17536854289615134
357.5234066112189,0.06712103558804117,0.37650654666371086,0.004903542623946235,0.09235864329532399,-0.5548021728958773,-0.08171744310248669,0.07249346470843664,0.04158310536847261
351.2903330580649,1.2902556586038858,0.2255900826393774,0.045824590927372594,0.24976684176671987,-0.24004699232910026,-0.08176493740686742,0.08292754433590431,0.166429766697478
125.80673842078569,1.7791570340308034,0.18535003655640814,0.05011407157060861,0.15517347852186633,-0.4146716233197523,-0.030319577396912392,0.0562956912472095,0.1974842953097233
389.88930908085626,0.6336412699986057,0.24061003773557438,0.0001,0.1116766528695386,-0.4574123433360997,0.10595796926236827,0.1956053542721824,0.1152912015196549
163.15278786440592,1.7354368733871641,0.21258911670565928,0.07393024345875288,0.12007260019637216,-0.20940661507594674,-0.03858750961610921,0.05362086022457847,0.1917265010504216
460.3297129970724,1.797969029213073,0.19260621485829743,0.0496075990820037,0.05855993922478595,0.12309724246440296,0.06144440150368852,0.0001,0.18866084419737827
113.99433987853719,0.5088927150921073,0.3204843491898213,0.014242030324023634,0.22796417999010082,-0.7578759530520974,0.08412225141523028,0.057296109957252594,0.07294990623301975
153.16951193181566,1.8717870299428538,0.19757674294458827,0.07956603959461002,0.15691081133746193,0.05329397918772303,-0.001464898288393809,0.0001,0.20208266702175903
338.55447430186155,0.5733243207171687,0.25235908706818394,0.0010637627168809504,0.21211532636615552,-0.3074444581182081,0.048946165345404934,0.13769192086854282,0.09238990237098468
111.99730061625243,1.7753438590266013,0.16653666210520318,0.0048636660343698065,0.08811801463570394,-0.1887842102933948,-0.06856967486844585,0.36550818083868203,0.17210946081055437
365.5154534314819,1.4806989029810136,0.20807942391327183,0.060614036978746365,0.11484019254655269,-0.5241666990151541,-0.002561618835560495,0.0001,0.1636417917174691
310.9937259404085,1.7366203484005402,0.19028740493641305,0.05292849764070978,0.15329756629929622,-0.4001592166677035,-0.09116622486204415,0.06754168346333744,0.18987016047934477
186.48446954911554,1.3369883632517618,0.17210954151424696,0.027143895508048736,0.06829098105467256,-0.510949114794036,-0.12233606019494511,0.03084534031102356,0.1427050241717565
474.47382491273333,1.186241794450493,0.17499445677526862,0.025980478863443346,0.06771786804061719,0.39399043483433177,0.15392317869846722,0.01101711775710751,0.141281332459178
56.262169038124554,0.8479518838956323,0.18381856446548625,0.020251764584567265,0.15587150792378876,-0.5258275300122478,-0.01430232534484955,0.03898111214613301,0.1110097476860617
436.8354792643922,1.1989153503808325,0.17462640538501983,0.03465079937457467,0.0844696667036126,-0.08590380142681805,-0.013755812849341822,0.0001,0.15574022429214504
342.55141354505963,1.476774662756637,0.14519436913039493,0.005470305503574983,0.1513584947825971,-0.6190062043347967,-0.2896574626565983,0.3397360518704929,0.16764660890887342
157.78723936287713,0.6888373477107222,0.22609881349974467,0.0001,0.2546751900576087,-0.6004858877057804,-0.08462718426328045,0.18488467435221786,0.0918469631478259
255.66420421442405,1.4137040181683385,0.24377498483182347,0.06496046833209096,0.06342806076359894,-0.5977145503037662,0.10670930881308038,0.0001,0.1608645406755976
415.55766926110044,0.8416589229281061,0.1732857369086095,0.005824283267072638,0.1118945320280987,-0.19328076003680678,0.12715663309858735,0.04510280228745669,0.10429569244194183
195.11933533379565,0.905051438652447,0.2474075530207806,0.04400065699665178,0.21037510979531474,-0.8521297758437271,-0.013842786537856994,0.0001,0.12233385240099297
390.7682634751684,0.5696676292515422,0.2416880096834278,0.023970382017387368,0.16007823737204344,-0.6492162689447679,-0.03435679684115929,0.0001,0.0971900495031171
448.91794296573056,1.510290369216669,0.22280116460358557,0.03915505085221823,0.12991061100446671,-0.43850537149239116,0.13835200203779974,0.0001,0.16837212804013396
87.63388368457191,1.607830938954321,0.19834721075009928,0.05625062623974398,0.20997196069674215,-0.3351771830146121,-0.013143583216294398,0.0001,0.1569021023157004
351.16278977286265,1.8236321969824227,0.1937566701204725,0.012804622245736058,0.2228166208237868,-0.015837031907161007,0.1524402413838434,0.20886505583229015,0.18522070481501787
72.57332081309104,0.2957434964169516,0.37523705593752,0.01482962300871036,0.23904917257332625,-0.7655565230567465,0.07942552453335036,0.019651316677977263,0.07642942406291849
476.12001306702496,0.5499090206989242,0.15082645266393843,0.01116501543525656,0.13897252704509244,-0.48467073914126824,-0.009859114639941519,0.029072385840827594,0.09024796194607096
50.606606713072104,1.125689883116829,0.19155370899692115,0.0001,0.22593507041156347,-0.45017097043061527,-0.1131608205993338,0.22976550264298626,0.13905114791726134
345.5397876372827,0.4932374380268408,0.16799411575364248,0.00899286142278455,0.09761188792555064,-0.7858197962142898,-0.1001965184289265,0.0001,0.08167074964956653
81.6106795562729,0.42038702012033,0.27758975739379943,0.0001,0.1782771135734534,-0.38285996240483927,-0.017077248639342,0.1388470361618878,0.07366491837083959
292.41090652508234,1.578256220396523,0.19267309235838012,0.0001,0.28342952089826573,0.2324983472344913,0.16463699072734517,0.15413011726788928,0.17889643664007615
246.25619505085385,1.4270495414291495,0.18296112210369433,0.04320878094162691,0.115226743997496,-0.534579144743451,-0.09697675274231454,0.0001,0.14128209217724697
278.6287297244566,1.6308601927138842,0.19911279734053883,0.036472435950619525,0.11634078604792199,-0.6960268365345357,-0.17945496472246825,0.0001,0.16820696760210935
271.32866959404055,1.5794901579014107,0.20002664707838005,0.0001,0.3396375252915645,-0.3151801209769302,-0.05138238239943136,0.16977034594863796,0.14763330233591143
462.4218593876969,1.864192074083929,0.1513857407722721,0.022388966527624014,0.11536015153066731,-0.35234038784363736,-0.10873494896874564,0.11394916731235948,0.1929201488320543
278.9835316035259,0.44888104639800025,0.19962103010974425,0.0001,0.08588997606603546,-0.7674337960046993,-0.06802035896386799,0.1806682397924209,0.09180981971408518
196.67990732503665,0.427402061024377,0.16162039611809467,0.0001,0.08890087361805013,-0.4297427201455862,0.04441768368149797,0.12117791268993938,0.08773044015208242
228.13395514934024,0.8496271421178645,0.1976552035976396,0.0001,0.14933194227016847,-0.4060676646857478,-0.025713726739791755,0.24362405563647846,0.11216123999325757
264.61319362187055,1.018894776863975,0.20165167672918116,0.03907395229698378,0.20732534335781055,-0.7675439115615631,-0.0689315065860712,0.0001,0.13487789387714275
66.31310989996683,1.5772578990855128,0.1742096044780299,0.047893415453104896,0.17515890990099886,-0.4166037873827035,0.02969894981943824,0.0001,0.16045888232215005
77.07001820958722,1.4754194543276085,0.21404130087074316,0.052511648409523604,0.21539923428254795,-0.3397261963208478,0.013947700947965701,0.054694392453571744,0.1599960247202267
106.83033646030152,1.573348081112061,0.18052465853306643,0.044967588154615046,0.09042981342725631,0.11236914749680868,0.04849657865935989,0.0001,0.16031830914111103
229.85609457102234,0.6653563453448074,0.17755184484954425,0.014778691170344069,0.09292264615643099,-0.7609717136065693,0.0494617800642993,0.0001,0.09792941308180328
338.17251221547826,0.9127045781499833,0.21438378988419948,0.0001,0.2577901403450111,-0.4024602183391892,-0.09615233798128432,0.14344090748634583,0.12181204989225201
223.6420700021802,0.9893658797822161,0.20279997836241914,0.0001,0.1868312850347826,-0.29581508813672497,-0.06204457572609943,0.24081967820259353,0.12814538478061116
129.75338922196175,1.5958638532370224,0.20060446508955956,0.053872754025472924,0.20988057297501408,-0.13106108865077398,-0.004802488952747115,0.0001,0.18523960113443647
129.27029337524897,1.5394295032117524,0.23623939506463007,0.06886132704707394,0.1457617201219857,-0.48794172865115437,-0.06902375816896938,0.0001,0.1737196184050682
263.6312372000504,1.3348946372625647,0.19371764945592673,0.03515994026842937,0.055902728379573226,0.23628607930125098,0.1516431111491151,0.0001,0.15417605071180676
62.992221181065695,1.5146629681949606,0.15108043952280292,0.018639509196577482,0.22360436487173257,-0.08090697501204278,0.05940194741190105,0.10361051345374203,0.15221450592311195
494.6415095881318,1.5352890673450892,0.15464086453782808,0.03152045610449455,0.11608545006743783,0.8237963258891412,0.26207175450398773,0.0001,0.15517818854172274
114.48533401161261,0.47486238026339955,0.2084379011536916,0.009675684521498515,0.21569359126690918,-0.711620205836026,0.012594449210443764,0.06459123943519092,0.08245822860522775
140.0377571195134,1.1256564795528496,0.17951766460032723,0.0001,0.36312017090299453,-0.8757542005633189,-0.3657286310709685,0.14566321080443734,0.14071138955585522
159.82115209069033,1.1402103523925333,0.16818859911394501,0.02152348822842177,0.13650244886721075,-0.6372670365785233,-0.14255462718079578,0.12802926351299349,0.13776030739568226
375.93464424919955,1.3866429516142535,0.22542106609951473,0.04195669935283949,0.16878633375172677,-0.1261974435160944,0.13599357999285608,0.0001,0.15087643115934107
226.88819434582163,0.585196364126974,0.3235807312508547,0.0001,0.2900320487978405,-0.723087678401531,0.05880251717001193,0.17736958944743214,0.09034509923880482
112.21742201159086,0.11706590374131741,0.3960621611228375,0.004846592715339927,0.101537396799932,-0.7251241821863401,0.08307589094918065,0.06163552697597789,0.0673946971706701
96.68456972914744,0.28319533228326377,0.1729560673454636,0.0001,0.09026084284015698,-0.6229172055562738,-0.04667506878284265,0.13961025671093724,0.08494421275614497
63.97025560449841,1.7903559467472536,0.20013932395391165,0.03643498372630212,0.31838196324234375,-0.8157437509698626,-0.16768741233809092,0.22635400886191617,0.19145021429804734
281.83464635704314,0.6262138181067136,0.2942335245581153,0.01656991530382357,0.19774431893046732,-0.36614518038265836,0.08804054068106283,0.09733245666650521,0.10315088942167389
195.06143624605136,0.22619528171994352,0.31559193904636995,0.010532082645282608,0.21311026552694007,-0.6060937750273012,-0.03209328255101277,0.08652116299231984,0.07227563328652788
152.93734771801775,0.1884595408941379,0.22851723695359447,0.006403306051026333,0.06808856106791988,-0.6923353047870211,0.04140969802416564,0.0001,0.05292085583017341
375.3730855447075,1.1415449415244472,0.2862137049665275,0.004110056387008356,0.2793252009391966,-0.34802852115491545,0.03065195609853796,0.20677609983274592,0.15093528492512084
445.303839642671,0.7017955626543704,0.26087496746562777,0.020511155049638415,0.16869567143733363,-0.405476659615105,-0.04123663295851856,0.1276562151849309,0.10673035532008002
130.9038359490858,1.7882689883691465,0.2054030799588512,0.0001,0.15970533083660862,-0.10127354091326668,-0.028270461384891105,0.33702341290097465,0.187039489486231
482.9123815716498,0.5450675252825258,0.22947669444645072,0.002222833618345823,0.17026244968546456,-0.7174817633836003,-0.16298016104627608,0.16644974023972875,0.09232030757494426
312.4541028561818,0.8380275015581026,0.22306027591728228,0.0001,0.24577399629649083,-0.5045384015892513,0.03626002055015241,0.18522075886416206,0.1160894016147045
127.33903531105175,0.4958014581771044,0.3070268222546547,0.014082400468643395,0.14022306075270863,-0.8407377210243556,0.10098934223514014,0.012855818907605544,0.07156586406598178
365.5873167951041,1.4403726804715853,0.17903500611366902,0.004007841830396961,0.15837479322985684,-0.3560471604427721,-0.019474214860066685,0.291739629247177,0.16785494786700988
467.53749000570156,0.2807500160664243,0.33379086611483255,0.004935586398850615,0.20654556864006318,-0.6973585719077202,0.06348164175506207,0.08943401993004159,0.07469347722766152
314.1023747671926,1.6654597812906835,0.16784467785631704,0.06206633303898316,0.17883006157113124,-0.9193346534345636,-0.17600923012374156,0.0001,0.1866197299421589
287.2631885192816,0.4559974360565947,0.20289062133905286,0.008398703505640818,0.28547925553032505,-0.7081271966363146,-0.03949691470611798,0.07148147283190565,0.09013477974556054
447.87998757560666,1.5644314269587571,0.16176742970499747,0.04539809263089253,0.11084161926468872,-0.5203077209052962,-0.05793760073513487,0.0001,0.17531713959267586
133.8982083655619,1.4567541633832073,0.24226445337797603,0.06644362642418809,0.1905068364735721,-0.9462470668303531,-0.08099105380272632,0.0001,0.16123344586471686
472.009899337311,0.6377301861693898,0.2390799251394662,0.0138043335343116,0.32113771795640494,-0.6001244119456997,-0.0884835656506731,0.11971959218874653,0.1231827632115178
53.80493020748803,0.4183196566499268,0.22081201103281303,0.017142586778020885,0.12198709478908039,-0.7654153806294286,-0.08252626961216625,0.0001,0.07406192276692701
56.33405459964873,0.37074828084835537,0.3031021110352791,0.02041566718064419,0.14432790422426447,-0.5057610660341113,-0.09429946148225468,0.0517228875079333,0.10366064431270434
122.90160464243999,1.3222995073640462,0.16863744113589618,0.0001,0.22619726863905446,-0.21273087282924988,-0.04356865863640006,0.20725910496978894,0.1562911950084146
428.5565261123403,1.2604053901563024,0.20650746357627453,0.0001,0.18119918374017976,0.08928052168950884,0.09908242204604259,0.22764332385303016,0.14704523527514787
156.02207707401425,1.1366144099593287,0.15822874531694936,0.03329645974977719,0.14518055413889605,-0.543917348019537,-0.07667644399843862,0.0001,0.12907059883275643
260.1639936826218,1.750568261237753,0.1753147028116529,0.0012021603267521113,0.3794199686817012,-0.8582328992281711,-0.3438933214216825,0.23708202816090754,0.18761830195616688
166.38001376689488,1.1098734851514034,0.2225541967511745,0.0118035447249026,0.19108349370132782,-0.07438266150782522,0.1345590549529469,0.18182207887618743,0.14228878716570859
456.78985192776884,0.7453862642263283,0.23259249560428416,0.0001,0.2962647502461823,-0.5178138390103466,0.02015570739805631,0.14461156347633916,0.11185339484645677
461.02390724688337,0.1682085218166035,0.3520948769213443,0.001242153437387946,0.20828415612175757,-0.6089851997910877,0.022090598567434987,0.08985294076615803,0.057112784726172615
450.97701288059295,1.8555388343114114,0.21804102980258264,0.08529443780104468,0.09591893745032062,-0.3988941390918533,0.04140221481687424,0.0001,0.21307330269204575
209.8322597452979,0.7026268805767397,0.210199719724119,0.0001,0.3121422134923569,-0.5893966719598508,-0.08546357896332578,0.1281293235102122,0.09158172390533996
349.8529093165459,1.882005158142129,0.17214249133335885,0.03463702697871776,0.17073985504723918,-0.3020763411109166,0.022695699895391518,0.11644205196069166,0.21078326548252463
389.65872518612997,0.9296568150902806,0.267983856384382,0.04196392990051826,0.22570059275700652,-0.729594158743035,-0.12419786442499167,0.0001,0.10379313864937748
82.89984432783939,0.700473706719244,0.20462821412883786,0.00021876207438036943,0.1314198584638318,-0.0793975511901985,0.12007184189903629,0.18036536225980407,0.0806095659588689
375.88128921365285,0.8685833483288768,0.2817748314574477,0.015623746618285759,0.3136639411560241,-0.044603016574500054,0.04161133125456869,0.12792801588878072,0.11042527663087238
150.14920321693342,1.1307171084563028,0.21160621746893213,0.0001,0.18994460972596483,-0.22492974305635322,0.09805631801803971,0.21395263495620032,0.1379468027608142
84.35245073848492,1.1894736141715128,0.2244235805912712,0.031347687515818165,0.10907983326338731,-0.47683841466989846,-0.12399731451386634,0.0001,0.1542899637559612
67.15484480626097,1.0787652285944467,0.15709491721333962,0.016229180384534594,0.07563814782175957,-0.3489090357161073,0.1240532500350498,0.0001,0.13610514172118676
130.17726160631975,1.1200188814765084,0.21097266724037364,0.008214364408596145,0.1673160693528591,-0.010819569245668192,0.09360852430794321,0.1845569788316134,0.1375898786792397
198.2882926819482,1.931578384355964,0.16445188227264557,0.03344317069388322,0.08643143807145096,-0.003206841249021903,0.04131442902698919,0.0001,0.1798995724412119
433.03505739430346,1.2851921609786277,0.18024957510773082,0.03358460206736842,0.06076359645228904,-0.8180761041923479,-0.013756960088233239,0.0001,0.14846446384291234
265.5393945829398,1.516583175934206,0.20659340466673182,0.0001,0.3539257269425603,0.4821895928070349,0.27303348962255347,0.17839772770295767,0.15349254788230726
450.3778771785126,1.010170005841311,0.21918080768387888,0.040936635207535696,0.18020037320906107,-0.2848073045132333,-0.010629966472366498,0.03612772191728062,0.1269309658211963
199.37147531399225,0.8984209816359687,0.24535467833850103,0.011400171704117525,0.2314776661313603,-0.5323303226062335,-0.02892424366191284,0.13008627285448193,0.10629954579730963
206.97205123119792,0.9774783791396339,0.20305875756699415,0.028051740284940115,0.07437451675011615,-0.999,0.006777078493785451,0.18107679893894235,0.1326702853630919
206.32811852180816,1.9641888334642585,0.18146456015494083,0.0001,0.24901236997548465,0.17932130862376436,0.10970909652555597,0.299024785825491,0.19462728063078544
223.05407119073982,1.7151239478498266,0.19447388206391092,0.0001,0.22803076629675462,-0.3648423128453707,-0.16955157883533653,0.2459122550289176,0.17216053308017917
392.28687331873317,0.32263711709337384,0.2620177821822836,0.0001,0.21162788598688806,-0.5288586859540437,-0.02833694246851565,0.10346511068907117,0.05999778080706494
427.501301287658,0.057438585805359425,0.7015860450532341,0.00752739857431644,0.2836212526284482,-0.7390259526705637,0.01899869384748702,0.06652487431964174,0.07136399856706932
104.8321675302879,0.1561482154586417,0.3352836398807515,0.015013660481349464,0.12493587581079268,-0.7357945356950173,0.026772131970978528,0.0001,0.07202266979200572
276.99585622977884,0.083578439327009,0.4066708235879302,0.011649839141385489,0.13901432915668688,-0.7860959384213614,-0.041416412651717596,0.0001,0.056158481765721545
296.7700585379652,0.9935466875687786,0.23259714495580583,0.0001,0.319424904545742,-0.5574954656933581,-0.0603832899146564,0.1888830005506375,0.12124359209157733
357.5520331732233,1.3142923128534074,0.1872642424510544,0.03706189639118652,0.0629360927998577,-0.006777325781958412,0.09652657458815697,0.0001,0.13241010369457712
300.8832326949555,1.879360299860085,0.21759983187511284,0.0676108781092784,0.18377590369710534,-0.999,-0.17756278627117053,0.12576759947730057,0.19551055185008492
416.5351787726166,1.6360389519177403,0.19747294149881378,0.043889136981319056,0.11560350174451652,-0.5408154294853643,-0.06397369371348646,0.0001,0.16862901055339338
138.43574232335584,0.05875146205353907,0.5792145272505358,0.010459480442943023,0.07021614799702974,-0.7590496937715492,0.0703059790472866,0.05581577770827942,0.046032467387635154
463.37019614854825,0.0855196438867587,0.40111643480744275,0.002050631808148297,0.19074742421897806,-0.7697795964117481,0.021268772037821498,0.052085839490347896,0.06282741559601637
201.6406901063396,1.9697636172262807,0.14377045022491766,0.044942649034741176,0.09907015712442782,-0.3165131263146878,0.016965864575655864,0.0001,0.19193472791313418
75.5090762877031,1.668391456185918,0.14042707466982884,0.024816085665790372,0.07488946844001446,0.09750720377553794,0.21823439589903207,0.0001,0.16433657593242929
230.64842077221314,0.09191855878208255,0.40486601015155443,0.010367024261026545,0.07897496836587935,-0.7500464606591715,-0.11711789559974992,0.03548703667147729,0.03581949903775209
352.3978552878166,1.7799705566754203,0.15093814228934546,0.04185073641382852,0.07530975965677623,0.18856651960311108,0.17932492959025292,0.0001,0.18124533395691045
268.9916393005629,1.687840953083876,0.17697551440362796,0.034900496968728975,0.12033855251895391,0.21938726087181093,0.15169617086209744,0.0001,0.17766590409492372
94.8968787404057,1.1022133318581155,0.2058582000198456,0.04104209187997811,0.1308620809688511,0.05278395779914463,0.09646715033411911,0.0001,0.12560920367422226
192.3959780409201,1.0586007229951293,0.22389102083008885,0.023556641934069762,0.21824365520951536,-0.6822514274619609,-0.05195505409339644,0.11218705377282834,0.12172423666377509
210.8557587779711,0.5552741364799487,0.29115105919657147,0.0001,0.22921957302558418,-0.5550154091900312,0.07193974046285005,0.11557359939048734,0.0897744503506637
64.78296622819403,1.624638961226703,0.25921116508705483,0.0744943980740779,0.1993791596616066,-0.5756269032265953,-0.013791826714989935,0.0001,0.17845817725384977
457.30916163542116,0.1856885463460125,0.351406531365018,0.01178192786646367,0.2542090968075515,-0.6948172365988177,-0.011645751132332655,0.05235806983798194,0.06128122556222176
230.38132969990878,1.5046950801971264,0.20394216130685097,0.00036449427769250905,0.21543979373781322,-0.6085594468797606,-0.09081467997594947,0.28280854506114866,0.15117780400290376
254.69896891899742,0.5159190294294697,0.24357799607469738,0.00170452926976154,0.19041053441045286,-0.3026702640703931,0.11168065460072212,0.11785823536593079,0.08910804125424984
440.2087259903571,1.2583121507099946,0.1893663839014226,0.03735154504233004,0.12603784480323588,-0.7347843476377273,0.04410157393159951,0.0001,0.12224379678853996
258.4006310357102,1.512217410853775,0.18712197272675202,0.0001,0.3260186207667895,0.35883560511964824,0.2471108891402536,0.1825932001668243,0.1647704571403812
183.94725522443102,1.9856875831440963,0.2071918762746531,0.0586063561436693,0.20497557024265137,0.2944792980563795,0.15167491719021578,0.0001,0.19948861454208994
340.41086915758024,0.2778450266783222,0.20130947265825877,0.0028646309452140073,0.09626542544507322,-0.518820290164819,-0.06034153588607659,0.06508478934267344,0.07230112561273651
343.01479981948887,1.4072460178691266,0.1949334885222968,0.031406529544318204,0.11497315127426605,-0.054215797667007036,0.14250757385798146,0.01873027448500516,0.1616256148200381
325.43785219403617,0.059372110216606724,0.7555633922479773,0.02099048869460021,0.12157242367927576,-0.6517870063608496,0.08013424625457449,0.02497746149747686,0.06288181116772838
68.63850689186043,0.453981922847889,0.23714564001995772,0.0001,0.18731870763645164,-0.5364928640531145,0.02644313171822407,0.12345966841675009,0.08234867380437924
402.35193329741486,0.9007991366140775,0.22093837884953949,0.0001,0.09344111252297949,-0.34332685307472066,0.03906169564148365,0.37533193572136575,0.11313949249800986
405.4444695004479,1.108824026881614,0.18714798220189646,0.03109078452363335,0.07301837606008851,-0.5951119536706713,-0.1241663109051447,0.0001,0.14264434290377742
289.8340512581225,1.2133062230502705,0.2334906500147714,0.056594895725964385,0.16425429148523102,-0.5906653716712669,-0.013802789739805999,0.0001,0.13290808732038828
461.3178919954983,0.5727393809021916,0.18322885342638426,0.02227147309985837,0.11050887629123671,-0.6519526555114293,-0.013747544465672657,0.0001,0.09719373641907025
221.20421975677812,1.300844448152663,0.16867124609909634,0.043781162656148606,0.08226238307576086,-0.3440093987268521,0.013750567425315018,0.0001,0.1528168546695691
57.46320077435657,1.1509396297442622,0.1871063683587687,0.020760613821283257,0.22444991688034358,-0.7674944201795073,-0.02141376848536438,0.12235716727229452,0.13491846758209614
77.3037157619244,1.8485720460181685,0.18648034900036262,0.048987725810254956,0.026440498053360625,-0.6994831559380636,-0.09656619321303646,0.0001,0.1753106545295569
238.76337632268138,0.14795744168357686,0.5822518393517928,0.004095956764629347,0.3134803238423027,-0.6168340066149082,0.05593457755156881,0.08766663452140273,0.06013220898258694
170.37820021314366,1.1188936277249868,0.21011356516566304,0.034180513544780716,0.10754696481507812,-0.08221167985819695,0.15167691287569557,0.0001,0.1311611114731782
459.10203663827355,1.446159343417743,0.2268995273024508,0.046565443817646233,0.13034157922995324,-0.112551309506863,0.09667642490321819,0.0001,0.15943968575406475
346.04602987641516,1.777486666445185,0.11739926197317618,0.031096880220205157,0.08721345267879409,-0.2947651833815618,0.01404449100809906,0.0001,0.18973722993056222
109.98551167118946,1.0184703242384017,0.2172161936786677,0.013181064275602292,0.282427488054492,-0.4669494713009783,-0.050717332968684095,0.12799766717648753,0.12769852603566484
108.06979702866678,0.6735982698004064,0.2931427006745272,0.022071449174873158,0.31233046046284363,-0.6495132535181203,-0.07545583406538446,0.07473060764652514,0.08805119548052226
317.8918767718149,1.723501757773114,0.24330166633096234,0.012947100819235866,0.29273392489030836,0.5449463898610305,0.21620511229340614,0.28807681763248605,0.1845976844938759
57.97204797669524,1.9194036333894184,0.1808311098814115,0.047682168069773906,0.13802967226537446,-0.3365580296985812,-0.06234137445425157,0.03201935323465853,0.2141673300664345
228.61139974583523,1.1981892922246034,0.2781667550609511,0.03932285064839544,0.2563752542723329,-0.16108630210687752,0.1541106673623559,0.0001,0.10850642123298958
361.9474052291058,1.7001104822252575,0.1526582956144513,0.03558483632335571,0.10459040445353558,-0.3723625261093693,-0.013805680009467603,0.0001,0.16014793816356684
458.0964958990273,0.8425969446873162,0.20192568088541457,0.008851175435756056,0.11410052641801639,-0.2013436490457253,0.048066962856059124,0.19620406996315015,0.10832557065905928
379.54451134097036,0.9790889774064426,0.24959515045444428,0.03371930507315478,0.26533530984434595,-0.35659255649550164,0.07843531387114276,0.07353052848191223,0.1271160103624049
80.23128505238216,0.6094703395851492,0.34482880896266316,0.0001,0.3628906904193091,-0.25317885336431284,0.11126672475144216,0.14557463271615995,0.10517307444851692
171.77629199574204,1.7369883661202548,0.20758997107742375,0.060252560903612855,0.18164904449347527,-0.7563498571583034,-0.17435551756631895,0.0001,0.16147371318594098
170.1334961387302,1.0412231920994577,0.20155333992498362,0.0001,0.2378590736219563,0.09068442746920581,0.08553070245080627,0.16506333298302717,0.15108785209044223
192.73442124249266,0.6156174441075868,0.21669735463827317,0.001234481425705485,0.19733890261809492,-0.30815828637287784,0.04328000443971774,0.14599123934572705,0.08841324810757888
326.22648047074676,1.9311964553540752,0.15913676048228398,0.034378464770816776,0.09084016207441901,0.33116582312823206,0.12422982971215306,0.0001,0.18428669105926426
80.05371625993816,1.5672486558299512,0.1890174534197727,0.04409303036098378,0.13827775947772072,-0.595551308019667,-0.14258186076713206,0.005861448485837287,0.1763328365163038
348.37859903430785,1.04189336896615,0.19033586579156245,0.03566413601752823,0.08922603551405836,-0.1394044971958876,-0.06880965918115489,0.0001,0.1329717939890139
227.89406457206505,0.25064627211894647,0.2149483907268182,0.010353948456129787,0.09151722648385627,-0.5596197613679029,-0.013670476549426104,0.017263866652768464,0.06158017888604478
161.5069280831082,0.8218013244892777,0.23221763206096216,0.029696591905598316,0.09818412898019303,-0.8643505132806798,0.012964388389862051,0.037317653115297264,0.11673118008687547
157.72612835692058,0.7389708406524116,0.2287516581172128,0.0022173523014849764,0.21264311849658796,-0.2987786105140927,0.017231658293989767,0.1401770745625295,0.08986453148333942
420.54816640190876,1.960711267473554,0.17761364195902568,0.06318559607369088,0.17305674280112715,-0.030372459618700717,0.038613935590865074,0.0001,0.20188633960552502
368.5205067121597,0.9890327716061198,0.2554603945275222,0.03028632450223448,0.1997691366020069,-0.54304785914599,0.05011980894833159,0.08389990414015328,0.1300273373406148
296.1928334872949,0.08262080192601043,0.5205669397431971,0.010698696715105838,0.11642188614990753,-0.352608146587538,0.06008500075406071,0.06032980651291914,0.05473408154915076
171.74059010131913,1.92413179003411,0.17025781782302038,0.03898062438531111,0.056643654311802905,0.014472775665789469,0.06898042610786637,0.0001,0.19859589088303642
490.55619309197897,0.2508322314009574,0.23991427947010768,0.00923768921366999,0.0952041195463725,-0.6378001847234185,0.04313699603075876,0.0001,0.05921754260436218
218.46213863878125,1.9300652614178566,0.209927333664995,0.0001,0.17790226478633359,-0.24493653206032479,0.10072986546904918,0.39212167864277203,0.19221353985889406
198.16249075328773,1.6094716704515513,0.22180724071330526,0.0001,0.35671985702757514,-0.4547719645506942,-0.0816028726279702,0.18704704050978793,0.16047237304444942
202.49419357474696,0.2134367068828405,0.29934068982577156,0.004776519869351868,0.16195054996984978,-0.6369629395398319,0.08138653627952755,0.0001,0.051377354885572483
61.64103668642287,0.3133794661710296,0.23686228551133348,0.0066852553671775386,0.17820628897030155,-0.4672688886258688,-0.03980854938547112,0.05248951740233543,0.06675552560893669
101.90971680350005,1.4720459732976032,0.24118968719351117,0.05395981691257934,0.12214797571619579,-0.0329823122930714,-0.030276718229415685,0.0001,0.16095111862978143
87.69328589834973,0.15901871334416473,0.35842549012904246,0.01375788429852513,0.1682114784627249,-0.5290785493450798,-0.0704966117723997,0.014781108509865302,0.06168423913038307
138.62295706138212,1.726765673123149,0.21059813746847067,0.01348349402004949,0.2976437159123675,0.42462775132402725,0.2285395105190495,0.14781708024489504,0.18778576195498878
56.41846030188664,1.4857369423515079,0.20895047410149353,0.042733120083518074,0.07750799138817077,-0.5937339084265196,0.10435958749778028,0.14618987093177846,0.1590740409020229
312.3080183723391,0.09164985900635636,0.5462071841829724,0.008174551404798636,0.11820367555226202,-0.7483149734197323,0.0978581807826154,0.015773359125589897,0.06419337727232932
57.8254061452297,1.5550305388516752,0.24620555436365527,0.030096805199096636,0.266053112021644,-0.21536193484428598,0.09391586309334159,0.10940666642340995,0.17052835049642348
113.3532893322269,0.748826212253211,0.22292024702788363,0.001518610647786893,0.24193136228405915,-0.30224206140987325,0.06776007800172831,0.13238985359016103,0.10235574487827594
214.43471165873154,1.0830274730530582,0.18365968368840738,0.030131281090838794,0.09815516940826288,-0.7859613355062546,-0.046668300319902316,0.10194059350606059,0.14584182399695997
390.3372080246451,1.5728406704582272,0.21562660909128395,0.05466231247320812,0.21993214222832955,-0.23427043522487503,-0.04221244492070098,0.038900269702099886,0.16163501893827048
361.9694969646256,0.344422400129528,0.2794534282424466,0.01393352013089064,0.23205717772592407,-0.5904772160442203,0.01440211875283724,0.0472370534062013,0.057993301033409904
157.92696986822006,1.9681913562801912,0.17549790553286562,0.08088460969996204,0.13764098335895888,-0.4313502607317919,0.01376489445148042,0.0001,0.20322994451215928
419.09642419600556,1.047184894425672,0.21994444476257213,0.04810028307140808,0.13213529818367412,-0.5771102551504808,-0.02620096247410298,0.0001,0.1224033196393156
350.4377644607109,1.7190568087846136,0.22396018865018308,0.0593637873960732,0.22046933465302432,-0.3185247318679667,0.059759061964485216,0.056994819488221715,0.1757181647018258
341.32044007504084,0.7703978202609423,0.18136029404603882,0.005167722132031114,0.10392826547982113,-0.3897869445579996,-0.04651030659800831,0.07237905382106703,0.09999686950652821
116.37208975927427,1.3164455447947887,0.13249465565355997,0.020502966696135272,0.12418017312634959,-0.49012843907508646,-0.1038633810558092,0.08252675840833215,0.1391091481744363
391.4441364888272,0.23198809090781142,0.402948746977235,0.014584873570629289,0.21275283118305333,-0.6051533897711148,0.06435722870405823,0.04613293406958496,0.0680157011385538
100.32752670380194,1.5008924185512862,0.16092566618224985,0.0006383935621430252,0.22583835112802175,-0.41659845282910013,-0.1824666896314346,0.245697546566866,0.15170325528404752
116.62401743731921,0.6202973152735487,0.2085929605073431,0.0001,0.26762176048439995,-0.6599036786881872,-0.06486513398517406,0.11177441993680783,0.08963580085447369
201.7964344027516,0.3281239423595151,0.249060825314963,0.0001,0.12240963719292391,-0.44505683139397517,0.046333511200728546,0.14280394441162764,0.09238138711911988
154.8241053087529,0.650174903982668,0.23150721672220967,0.017354128907226186,0.09748025168947135,-0.4298810031204989,0.12245193536147968,0.02576033630069619,0.08903832859598355
93.63577035429773,1.8639340226411438,0.152496368443135,0.05935924784190527,0.15150796522688392,-0.5456009237968296,0.013871906879162971,0.0001,0.17204024300567486
268.5848812099505,1.676045994720435,0.1946114774243517,0.01566327988149816,0.4554581174728757,-0.7955183570924145,-0.2681262575287122,0.13685289540443957,0.18828982366489377
445.11150394777076,1.7784076658195342,0.19154778091480013,0.03437982359105005,0.040588762703834526,-0.2345636742046798,-0.09655479446169102,0.0001,0.18643064194900713
473.92356192333267,1.9827349900421016,0.19831427513646532,0.05714668298032038,0.21171187147946044,-0.19607560988417427,-0.08679191625939807,0.1682588038708322,0.20935376820890697
334.6493335314799,0.4596628810227503,0.26426714365954923,0.0001,0.1509930903909205,-0.5913735345639161,-0.019575498413430523,0.1699168078677487,0.08548610770905847
371.2267395748148,1.8763088891352895,0.16492309400563082,0.04975569832044846,0.11125613902224861,-0.9120365301093486,-0.11374459579343678,0.03381557786874522,0.2042745292593242
78.4702805072922,0.44683110559976075,0.11210587849157984,0.006528223656897387,0.08777600752752966,-0.48798697705951494,0.01264337550663942,0.0001,0.08275790044310992
453.0542149611169,0.6512982167534453,0.22779270772448926,0.022092444597453468,0.19431704565983193,-0.7258725973273147,-0.07678619615841996,0.08794057842869601,0.0865162548941822
116.96835884957562,0.36392005791596277,0.2280957407912091,0.005088551981541192,0.24443565783811375,-0.6159019341271502,-0.02298186499988411,0.07283985712825741,0.06574340614303364
296.6190940084715,0.6687050648167872,0.24771535921666044,0.023711090972326345,0.12784662333035673,-0.6200491411166774,0.06916783634166124,0.0001,0.09105684407715592
487.77567775594804,0.8885255315698696,0.24489934265407484,0.03478859736201503,0.19734719912571452,-0.6343575282221506,0.05633821887410896,0.04287298919054628,0.0974467861950752
344.8903728750471,1.7030583428870596,0.20303412609530758,0.05797069425915179,0.17785498772989883,-0.22642940946691323,0.01765424338598232,0.04422128118830365,0.16868572282707944
206.38271369624536,1.499824538022829,0.16112652636605262,0.0001,0.13324922197405759,0.12972371247904735,0.05113847374246198,0.26134926526227253,0.1718936415595212
351.3660067470763,1.7708686843911583,0.20372627454427003,0.002755302026162012,0.25372345585414113,-0.5286494210968316,-0.09176389457911084,0.27059779870010364,0.16460480508917286
63.04159962546648,0.675716070847068,0.2111498469335691,0.007574423831940259,0.13023630625339372,0.4496226328201389,0.27685846706018874,0.09076721837584825,0.11802427178011415
363.53265867243465,1.1938438419826922,0.1554539955534301,0.025896465275579175,0.061880282481608664,-0.740884621782076,-0.013802015679023666,0.0001,0.1427493334974156
239.7518724332198,0.5530538069676638,0.2735312454550412,0.02476802162190438,0.17790065537084204,-0.5967130716091481,-0.02174670233157427,0.08759086238904941,0.11095892674239399
493.60558403428786,1.4976638546889331,0.18431998729162943,0.04317574494474501,0.1421692474142905,-0.42456295884234063,-0.0689939707292683,0.0001,0.14800201088610734
471.3458493068119,0.6783302359429065,0.21429668824701895,0.02296704482128706,0.09864983094745941,0.10080793574417955,0.09647468255014335,0.0001,0.10954588627434317
109.98870534910733,1.1087385794855622,0.2035183917379924,0.0001,0.1834481958647428,-0.4133540703240306,-0.065355744015662,0.274245691638394,0.14547650391125866
276.52283745261514,0.8752985806167265,0.2533777810564449,0.03896361374831528,0.17733239674517817,-0.34734424621460647,0.09637186125457531,0.0001,0.1264839311028762
465.11817704012657,1.6791053693997842,0.21978000779251614,0.049052117919446615,0.11252559965103853,-0.7582071390491167,-0.0138974128035369,0.0001,0.18555095181326867
301.4788356194384,0.08024959927797444,0.5425321832596091,0.007659554321097207,0.2819177486370292,-0.8305773543045379,-0.01797625363733992,0.08183527918201745,0.05927420256455287
117.22937310155399,0.5146813409211977,0.23837608621213294,0.022579500017804104,0.21313146315528275,-0.6563137526046419,-0.051073062270581365,0.05124192628878273,0.09381198833675253
127.73261713349994,1.5209675520234678,0.11453333877460818,0.010192222449582266,0.12332076172093638,-0.24624507049465036,-0.07412354316949171,0.09698590625264016,0.17532422430655142
220.9855626458042,0.2590200595495721,0.37607006676820104,0.0001,0.23906110835610841,-0.5628609923624707,0.06771858406168502,0.095410417685872,0.07236751514544515
478.23682993514524,0.943647128034264,0.17521065930028268,0.02313438923348601,0.06893175309139402,-0.999,-0.09301833279685122,0.12351575719982767,0.12808456950635974
196.8707198070099,1.0623934377542479,0.19236428407636386,0.03873805141245473,0.20308362509769762,-0.6097016345023766,0.026282045555948163,0.0001,0.1299096221797001
417.6246479050946,0.051506924776156794,0.753499395578176,0.006002339626519113,0.2604226431410802,-0.6174990820821089,0.05779951015617517,0.04640707074299881,0.06395316279362256
240.88178463573638,1.4467489727650624,0.23195331142662134,0.04519008635255724,0.24921762062926828,-0.2632289247950624,-0.05867784657852016,0.06773233713555231,0.15363473146490347
287.60800875325555,1.1579297033721778,0.18404757995348456,0.036664195497267495,0.09834684608024417,-0.8688833539096366,-0.13221349071565083,0.017170926129232576,0.1264614177863155
310.21217232567847,0.6780199877888682,0.24132440666983365,0.0001,0.2190501648934991,-0.5033828589075638,-0.12911631921706704,0.16178057336229065,0.09037150049453954
461.94591723558773,0.6077643402436992,0.17175327256054382,0.0042764061643019375,0.20991237023445083,-0.3822168433040955,0.021774454626326427,0.08282993032952693,0.08331672529242368
491.80639019055036,0.17937095369205497,0.22498863082033077,0.005013609729599185,0.1063793696217907,-0.6237747867834242,-0.035747698109214306,0.05893795559995088,0.06623929668326192
142.16769776399406,0.48563495090987796,0.20603319159294933,0.0001,0.16055578639365206,-0.7421693500522164,-0.2175577387506428,0.20853067543280474,0.08777546580630022
239.47261519187924,0.25003472940687616,0.2734658355763696,0.0001,0.09630550175897441,-0.7637403028300186,0.10742504549179645,0.07842894514806206,0.07474405243624138
282.74483275386694,1.2680813715529322,0.2584457307984079,0.062099460130256266,0.16809283833417213,-0.48447550797179373,-0.0013118454161742687,0.08224499692613901,0.16311579588619518
470.52311760301956,0.18552642064269753,0.4194395239540878,0.009702332084736903,0.1298231614820961,-0.7306373003247241,0.10325456161498876,0.03230608811295114,0.06721503951311879
53.11783392942735,1.7565269646401978,0.20564033306554752,0.0001,0.3079108498219174,-0.12480888095880593,0.08093408686995414,0.1949996628823726,0.17239345643957293
376.6578318120954,1.1633779456542952,0.22398477817901052,0.03468692773226732,0.24600983287508565,-0.4051737390331758,0.090297842468649,0.06946575964181147,0.13960792201045363
442.4922526756953,0.052751035861434294,0.6602061703474777,0.0024691878937971494,0.23305095160539574,-0.7342287028769123,0.028852074154421346,0.08034747423072157,0.06964753912526886
215.24939494518665,0.33774808580845656,0.22625356467013052,0.0001,0.14473598439798657,-0.592380880103778,0.021366695245506627,0.10529943935003151,0.06952373926042565
231.89679440467972,0.6520515147557622,0.20069623184846178,0.0001,0.09070905773387737,-0.4132663897534597,-0.06327438400909743,0.3125305966108295,0.11823749261274508
54.69500304880624,1.0606546577704443,0.19637139353454103,0.04411163697386891,0.14860380660515166,-0.9934464676704705,-0.01961546775989326,0.0001,0.11317933430214447
426.22674559930084,1.020795738416992,0.16797676879229545,0.026533657026811517,0.12201983748825113,-0.6910116136101975,-0.11613028454122311,0.07798328581002274,0.13806359702168758
158.2965557823266,0.7383235292535866,0.16702958349162358,0.017527006725630175,0.07346855185917002,-0.5568490010018129,0.04107296246306386,0.0001,0.09929515497878497
487.0678508653332,0.36338296191394515,0.2419945779074653,0.011222174072353359,0.15226253514962632,-0.6485102561869781,-0.09846176544355628,0.08790464531241156,0.08417457110080018
112.31559758971574,1.9762630314887624,0.20358657936042415,0.0001,0.2577335503705408,-0.1742274475442478,0.004468821723688772,0.22957090743549466,0.18936323325811089
134.22596105867325,0.3138267493386228,0.28259873640579103,0.01384014580761345,0.11524551060580826,-0.49256824372670593,0.07034898748159674,0.023904728994214617,0.07629703499258664
179.54474551780223,1.6720039287419417,0.23388737039517624,0.04409579707900349,0.18903712420704055,-0.5726998078501426,0.08907306987597946,0.08822727431884625,0.18703102832335997
289.70325499569645,1.1890235742399142,0.21025412668291227,0.032320555142670196,0.17994129038294807,-0.4817904336529648,-0.01701930331345457,0.047805136501346594,0.14512865169524877
462.45051526067977,1.6925887241003224,0.17752282102808398,0.028288879411612865,0.25043179884937705,-0.5372380695142388,0.005382992956714541,0.15204442664737283,0.17630921858391924
412.12570194051176,1.932872900023569,0.2217506119231012,0.0001,0.2827316658991203,-0.29450185220906644,-0.036672491237484985,0.2707775927398822,0.1905459657590763
202.5974200855148,0.20396372848528238,0.31067727116337324,0.011881635403400965,0.0866006611739568,-0.7804060815346631,0.06922099504562301,0.0001,0.07127633271800876
197.54876587590567,0.41306364117128025,0.18460305077311143,0.0022290674958933988,0.1666722097017249,-0.5695940122026374,-0.031578648516715706,0.0640115973223459,0.07582112647054179
156.75277816639698,0.050275969635727585,0.5022185594597762,0.009941915469990379,0.11623376606466548,-0.7328213804238536,-0.04112058554939876,0.03903214534861942,0.06483033219409773
284.60483929287125,1.4601523831451755,0.202501505959745,0.0001,0.29727159984362495,0.08595178089240987,0.11335994764518148,0.16319665767561511,0.1724474503540411
465.2644304176738,1.4322826037485596,0.1689132571351185,0.04148061639678366,0.2135879754789216,-0.5463480836250555,-0.07360789888563896,0.035611523124831325,0.1501237147595075
236.20669681791887,0.3222577263363648,0.24937409961198354,0.0001,0.12954609398263817,-0.7122789618192941,-0.22175540391904747,0.1689244452958039,0.08464805367894035
173.8611820677049,0.95215577020437,0.24963050507998194,0.0017460864894202376,0.2515657845821359,-0.2979188088136243,0.15741592943935773,0.15654825671926084,0.1318383325736042
248.4349491158181,0.8937044865994926,0.2657128863175116,0.02430752754973783,0.26480599419916495,-0.6003386266513322,-0.029507463202476245,0.11100241198390857,0.1210094795652593
471.12108260922105,0.37079513162313865,0.3136192270550275,0.019510225500158487,0.21575396070638758,-0.6339149534581857,0.02426725026146774,0.08408761142764519,0.07421106174690843
314.0402173941555,1.56267124644591,0.19146918068088115,0.009298013744913592,0.25499421075137707,-0.45532241340346735,-0.1215838975890863,0.16706583708430162,0.1792108941967066
449.26656982536605,1.313891620339487,0.22012881302089,0.039377207722698475,0.12128876241939295,-0.43457273292984394,-0.04134028408636714,0.0001,0.1392287045660938
166.432357329571,1.8888822853566758,0.22236523382334464,0.08316548511917597,0.21196275671544573,-0.999,-0.23441810821707817,0.0001,0.1970880981089343
243.07686235593664,1.9989002071867565,0.13249509889605304,0.0482326528279896,0.10896845954110328,-0.12006401069406526,0.013786102131898488,0.0001,0.19868232839787525
142.18646839475383,1.4890228833764976,0.15449186067334014,0.03813006172012208,0.0821283807878744,-0.8445548197469531,-0.15165653966750767,0.0001,0.1813235456375204
234.56409501767516,1.472971190869074,0.18011352921984947,0.0001,0.15931754761657813,-0.32973710750302176,-0.09761890663091785,0.2980202950660835,0.16300314041409616
68.84935261641954,1.2990860858355622,0.2474827967075574,0.03646457985371172,0.22791318614689723,-0.7299959943776233,-0.12971013110223076,0.07907750406221166,0.1536486142823003
319.90816817648135,1.6591467108775795,0.17713494386225906,0.050387608180589544,0.12964322658355676,-0.5420146223061318,0.06447499812447911,0.0001,0.17683322634981105
346.94996786664564,0.501134015855951,0.26495293313971163,0.0001,0.09722289023369617,-0.5305048464243457,-0.15342453187937716,0.34458591508983377,0.0892793816175673
446.822870185735,0.3817050878483672,0.2978375046784421,0.00924119447552846,0.27922328265712865,-0.7190625800695297,0.0025063650104043544,0.08867426713445158,0.07940129210302214
73.50100874598323,0.7199680145174971,0.1946522820055254,0.003474235802805987,0.1584246400849253,-0.30591421490623394,-0.015818020913448767,0.14541951466553096,0.08997480560270417
298.2826446935469,1.1250168987035611,0.24362816303325047,0.05372531367190783,0.2081719812388822,-0.6715987439791243,0.06924714045351847,0.0001,0.12491640418654353
230.2865753664172,1.2950402037986304,0.19748014090805777,0.046406675350306764,0.16520121683956263,-0.3601135457821463,-0.0598954465433213,0.0001,0.1571185476424416
233.41092909197786,0.17397382900876246,0.3959687216516043,0.004686080617455913,0.11273388855118124,-0.5368913541010495,0.10108230651592152,0.09121546961138405,0.06962908059281286
68.21665078890035,1.02266074576645,0.19931305310503547,0.006592218819838208,0.24882699662618646,-0.6151955425332462,-0.0903277510938119,0.14796203808968608,0.13276376830629902
203.5111396898163,0.9146042497846744,0.22005599133819298,0.017541426133236917,0.13070018594616822,-0.04637459460483173,-0.0022011053228026063,0.14431805949579127,0.13487396176562821
245.47564565995032,0.627052752597706,0.18207755099009562,0.005028831024532112,0.1268694239918906,-0.6194602128727716,-0.025103837884998443,0.0954690659504053,0.10216080506884592
311.298824184202,0.6709916801249404,0.24045669356790295,0.026631856491035794,0.20955356738721898,-0.6279777112211774,0.04140282209776163,0.0001,0.0948240381600785
337.42578574198836,0.1652107768148661,0.4635805176742815,0.0075466273280039966,0.14446068742877546,-0.5865088257975019,0.07916177618990526,0.14192117888180228,0.06685825737565722
324.0214747071918,1.2507522977888321,0.19152844425792634,0.0001,0.25108417020698903,-0.23862366190359663,0.01905395321995881,0.21216809184554244,0.16704086890739633
313.7652547621278,0.8253509180746709,0.22908617967894668,0.03403481704221015,0.1453501800086076,-0.7384686662743358,0.06893368385136538,0.0001,0.11412826442076585
366.9994397564432,1.605186915867904,0.15384482803204866,0.027511604049660947,0.11994677696978623,-0.4187779976341657,-0.09656706540947149,0.0001,0.17869147667370927
381.1675852357376,0.7569576895056073,0.20514913908309235,0.02408985374155062,0.06891834327193269,-0.09579470705689408,0.0689482661780473,0.0001,0.09909802814463946
314.1373659838671,0.17978178256764904,0.4202884490190518,0.006030956013727452,0.12484658319179381,-0.7193489442269733,0.08116269784737515,0.10470690831391281,0.08003107329706051
130.24676969800706,0.5588580425426617,0.2167904215294911,0.0001,0.26477350985304976,-0.4324688086171464,-0.11199534501904627,0.08668695582376286,0.07962627659044828
266.0961480934982,1.9192048758297238,0.17496749525356572,0.04401408849498499,0.15293169650836624,-0.7541273515441519,-0.22629771224260029,0.10419742141507625,0.1838296872571659
121.54031109254888,0.7410433839821018,0.2585267173106971,0.03744657417463583,0.20660569026470962,-0.6240687517494848,0.06891357804844359,0.0001,0.09230082870598984
429.57860966684257,1.1803013052910214,0.19324290244608625,0.03702809517569607,0.08529758132093296,-0.6200469881967341,-0.11373440193229642,0.0001,0.1490076435935089
373.82343995657646,0.980379455743159,0.17936202528115283,0.017991665914593502,0.1332355291339581,0.1635783585541333,0.16518535944657803,0.0001,0.12838258317600174
58.95604400023313,0.7666015571993855,0.23472895299214697,0.027043889172972818,0.22221527424526896,-0.4118190167631421,-0.01729154525868168,0.04572356226957066,0.10769596514461183
386.64790732676136,0.3935413598350038,0.3346145384238524,0.013229175212200801,0.2633486663744213,-0.8111668155463738,0.06253371146527337,0.061379058038407514,0.09205294408393114
70.04059795404477,1.642098219473049,0.20753449063097137,0.050598276101296934,0.07210055445999652,-0.999,-0.041457076191292394,0.0001,0.1912650013415585
95.72931162905877,0.8874576386674463,0.18184740874601082,0.00015958719770765262,0.2362680686406204,-0.7302265638093479,-0.21948489286328182,0.21593305843743352,0.10601237721284257
53.17395680796137,0.8359959880318836,0.28430508075308314,0.0001,0.2779104511135542,-0.5569744720897782,0.05504524098424301,0.20960945427295236,0.13223430079645093
154.88241426636242,1.4707055034005796,0.1817911166485866,0.03930681464179602,0.06128503347262003,-0.59554051379793,-0.06906522753574926,0.0001,0.1579066878367171
248.53917679365873,0.3870979210615987,0.2772220290450185,0.01269533425410625,0.16785958307413665,-0.5200536714101236,-0.06537279710831367,0.07640938958800259,0.08582475235581913
163.6651148248091,0.9237335776311577,0.1844684762281455,0.03145776159885815,0.13697098445829015,-0.6481687517996177,-0.023630421672425194,0.04416481475003416,0.1242860365838827
213.00388564642108,1.1998645503335599,0.19407607423865023,0.0349788718100972,0.26275696994261527,-0.32101323519746977,0.030620152194267822,0.039824400403522246,0.13647789570224755
165.85217679854355,0.5466128803605939,0.2652653772445774,0.014469803890359425,0.2355940920138681,-0.5530861881718925,0.01996549969725376,0.06697086242814951,0.08500052640955813
110.88119883763707,0.8327345226802154,0.21501149950507828,0.011810467069344592,0.20975939611183406,-0.2951195685262484,-0.0773795826617123,0.1452741391605352,0.11743823161583111
250.2647205990808,1.8472671842454422,0.21086150564940914,0.0001,0.32572994440514647,-0.025842994614467943,0.1462262591656986,0.23957119041164013,0.20971388265358903
471.04148207319895,0.12335572357753521,0.19938829032135813,0.0001,0.04692498700333302,-0.614743500343555,0.07026839698281395,0.03636622858359992,0.04649210440525012
414.1981598442762,1.7254342139721572,0.19629556441059892,0.05693273026457182,0.1146929610464063,0.43889909789292475,0.13268026447380762,0.02054554854442179,0.1994325044779606
368.1384337091486,1.6295537713606034,0.16989742669118063,0.0001,0.20947206526331896,-0.6313638917143639,-0.27895348143258614,0.27379301230431374,0.17464545764785877
128.33926209007902,0.5427221834135582,0.26489150789315913,0.011345419630621101,0.2670921541562759,-0.4170722530088275,0.007844842059122554,0.08796413304712244,0.08883286265860717
286.6277050756828,0.1370348378779681,0.4049103682452967,0.0027230686638613456,0.1566630405210905,-0.4656466522369039,0.0632138774636159,0.09032957041440652,0.07621449672325101
79.81440305876004,0.17295383574309742,0.3966441274921914,0.005726538421658139,0.2273301049299014,-0.5259676251634129,0.05110810051487418,0.0567899828475447,0.05943630547107206
281.7183062338339,1.3609034449736166,0.15772393906275503,0.0287172341727711,0.0777034669828836,-0.6958260382962135,-0.017229437456145212,0.14569244723394004,0.1522067461886087
274.49206576744706,1.7966747335398126,0.2183926377317475,0.0001,0.29817878087989697,-0.5159284505963525,-0.09443277599034058,0.2995702527833574,0.19984107631852746
468.7832056198646,0.060011546676137895,0.7980287791686467,0.011747593829317955,0.1921586862035114,-0.4630612635349441,0.09362774310725329,0.04705236225243469,0.037447369731761285
287.30223435306596,1.6612014468721756,0.16553923607860196,0.042647740191830194,0.15884234678539716,-0.04055266432617256,0.02172805642451788,0.0001,0.15808624228747728
374.42608436898735,1.1641298662032245,0.20965397641393435,0.0004998777175946735,0.1725023985593882,-0.5642200506319939,-0.10710080814995382,0.16105418061152654,0.12246169833184484
166.93291662276744,0.3293703745087702,0.32011331358731887,0.017970567287805776,0.2650047939736577,-0.5996592066388549,-0.05573565095853304,0.06768295011768048,0.07641656039781686
98.74827959593381,0.268607666106534,0.23233553240124558,0.006174187007822709,0.22570612007364846,-0.6582534330647466,-0.02501225176593448,0.045446667390239524,0.0498131886995396
344.0333387000386,0.36257058014942156,0.3539633905906971,0.026697526339791396,0.22111678241653673,-0.7253467849238433,0.05667911568305644,0.0001,0.07899781833117826
237.6634399190607,0.07177299490344442,0.4567930025041853,0.0072712192165227075,0.12146092347293946,-0.8272585773462219,0.015077584737259144,0.05753902826243946,0.07241564536607228
277.5608568561072,1.409791139874149,0.2197327773403371,0.042527629599172154,0.15693647646147807,-0.6338386904645338,0.11009144702350866,0.0001,0.16536700710843588
363.9922769516194,0.10018686190220921,0.33046380812907084,0.0020451224877079755,0.06693119958760317,-0.5976791853964626,0.06663368981499422,0.11662807129905593,0.060882296444603995
73.45059335576951,1.4861221331311254,0.21038122792839056,0.04965681063214337,0.05503848682033707,-0.7220744448703051,-0.013828135830656728,0.0001,0.15539800731119363
390.30309063271534,1.5832437451198322,0.1901760562082412,0.052451735511395405,0.1432508787255478,-0.5938006371601641,-0.10936874698184265,0.024663451808882256,0.15004562558520135
229.3544574740639,0.473937229983654,0.23536768679621897,0.01794404580342314,0.19007345422892463,-0.4260235500825348,-0.04389039480815085,0.06418254136883762,0.08138023702710419
205.0984276519988,0.48329338050697607,0.25156859970864687,0.0001,0.2750058197272961,-0.526184664886908,-0.03087949189436927,0.11778623198723483,0.08900277227877348
464.6308869327755,1.367965748203978,0.21842850054734617,0.0001,0.3259400286197132,0.34512839288327507,0.1290832944886947,0.21951711646377256,0.14621674346121982
475.6121733526582,1.151296091634568,0.19733218585598133,0.0325683066055503,0.12594406513298362,-0.7300149792644982,0.06626383047226761,0.0001,0.12236669557922711
137.55865918868645,0.8973582148968152,0.18879932165072733,0.03428896518042867,0.16912034743839557,-0.7943397688858995,0.021999590373709504,0.0001,0.08797513037938426
286.29227278196277,0.7942205415363311,0.19942056334981706,0.02176901419541436,0.2498626298907698,-0.27964785058753744,0.006569733122382715,0.05319537503450914,0.08870847431759007
165.8889473502184,1.6640638101021221,0.1474828452202812,0.03567379370005882,0.10159247891369227,-0.6364700310644077,-0.20719821726490256,0.0001,0.18255794139147888
277.40683902717103,0.11795459159697752,0.35188696783725176,0.011112009374303542,0.12335757234925047,-0.6958240079760619,-0.05290269151629547,0.04966802286742107,0.06052923063726371
307.6377642970994,0.5392918765154797,0.27440161371442867,0.029742880010716864,0.2682145567921332,-0.42113594604719706,-0.06023911046213487,0.04118450356258154,0.08215532215794605
353.28540091379546,0.9476066066305654,0.199877598723395,0.0001,0.20603542859144916,-0.35447984332783794,0.0399229715748131,0.20047284346877992,0.11895685285252071
321.19850917098324,1.0733797218487506,0.16131088139816763,0.032936578004737045,0.16268995610295123,-0.8287831171787062,-0.13650096517472804,0.0001,0.13626802283683964
441.7147855910327,0.9143453716154208,0.1865179796442045,0.026862101875432493,0.041399079246544436,-0.8938809173567219,-0.17923298912944918,0.0001,0.1152500492195534
262.5503010633166,1.0485445851358273,0.1952441695392781,0.03749088933241317,0.10159059681387744,-0.811078613787584,0.031589888346856956,0.005617213654636025,0.11759070443694529
238.70004871484642,0.25350040653738104,0.32164401709929186,0.010980600731107818,0.27128387720550945,-0.6592748150571921,0.02414745989158695,0.05866543611599094,0.06991390803323892
309.64072722752394,0.23000176144977508,0.28037510135798355,0.013316655470482552,0.19042341498291807,-0.8288078263023331,-0.02158251450970184,0.055536601399746366,0.07997257250894366
364.40458928474067,0.5226904331159754,0.1240789763475875,0.0001,0.0835961587489576,-0.7536215368618503,-0.0482224294449938,0.17022983269426495,0.0822515313522189
294.24320775826305,0.7521610413278463,0.17180147292941472,0.017096526414393187,0.1790848298493785,-0.5293995740399745,-0.07745740332804839,0.08682058757192464,0.11098668772180284
266.39156995483904,0.19686238550069857,0.3255358855839045,0.009474784139933969,0.1727891371606991,-0.6167396744838164,0.06147794598206307,0.019573398175540147,0.03553101176248041
172.48443457403386,0.4678918355428718,0.2628220642890373,0.012954384562054784,0.20676224337260937,-0.6699999350082242,0.028247111954108492,0.09526409518429696,0.08545940457300966
485.20944894318905,1.6401471311249292,0.1866778498433446,0.0001,0.2872635983825749,-0.00811743100069933,-0.07522972661660557,0.22786743236684187,0.16159314769288247
296.12023461165006,1.692607457827708,0.23848556707821666,0.0001,0.3019438154904204,0.13783067557747133,0.1808020834096865,0.24050783707969958,0.17466120488373232
167.63956049407568,1.2528547525603755,0.17500848525013135,0.024868672462890224,0.06601842636167886,-0.3619450757527659,0.12408278393805808,0.0001,0.14843430519137146
126.84539399899656,0.14033596446304775,0.2427175165254372,0.0011167212160065583,0.09316947915611905,-0.5061567020038673,-0.06636407623512312,0.04200110548566183,0.05432337865062463
471.1382973028864,0.21779445738359215,0.2833222935661172,0.01662271902747927,0.05308694667629156,-0.5260534546311109,0.025598980537397512,0.0001,0.07754446356760662
397.19582002474203,1.9089192554959102,0.17743253647959248,0.04973271142907019,0.06496957323846825,0.2965471542895709,0.15174546566055466,0.0001,0.19081955160498382
235.86859800880606,0.9313918068703122,0.23897410833828467,0.017090258609043334,0.2387251535486444,-0.38243043884819333,0.10072114073059588,0.09997494550801736,0.12170854608635194
376.6740304869663,0.5402621597442455,0.14862185789084575,0.015431513572141686,0.060811323205028814,-0.5054110212126893,0.01375470116303492,0.0001,0.07448207001238556
480.14969289162934,0.6986584591467037,0.16067677423632903,0.007162225270884818,0.09389391294152846,-0.4714060981505,-0.09740298743017216,0.19703415183347345,0.11687098398585373
467.24898821543724,0.4911549938232443,0.2412408619438662,0.0001,0.2214068220529386,-0.3546550115188538,-0.03907386774325509,0.1123704366917203,0.08545497121674762
386.6436111570035,1.5055256558133254,0.1569933017824151,0.040103054850156084,0.08209096439153249,-0.8960880591546612,-0.044947369524404264,0.006595478898547696,0.1553351709380382
170.53933310767155,1.6619396898176146,0.18061600394793273,0.04507683603092506,0.09631366655362153,-0.7130629381203546,-0.19373771551415933,0.09298566320347851,0.1764289577133865
499.8751090057117,1.1562733204592153,0.1621724388594247,0.00032800193792347014,0.24311156550214835,-0.7197596313169022,-0.23628745464348974,0.19688588598205423,0.13101496868463772
241.8931692672985,1.7403515167534331,0.1778315813259311,0.0001,0.28751571053476743,-0.35645719911486917,0.03017825707221563,0.18137861917840084,0.18916833649867765
278.22225412891237,0.9846550530258693,0.25291198751906874,0.0427881547386618,0.18901790788660539,-0.7264810641311865,0.041395244740319824,0.0001,0.10607613898051622
323.9631147141175,0.43527745426811154,0.23971510102908966,0.010090878183376664,0.0894434891831966,-0.6245461338568206,0.041882506587259144,0.10681815907043037,0.08998460731237942
449.8478252413862,0.49736455167899674,0.3312964004900283,0.0001,0.3232596607449733,-0.5758390388004864,0.04587901413008602,0.16410115672330952,0.09165126809707894
372.601441351027,1.1877203241963485,0.20885381895750582,0.017214471566830765,0.15471089319065368,-0.7049102269534019,-0.021256950239014864,0.12149706823798488,0.12757510257525886
469.7338771047686,1.4758403886421005,0.1530068947505545,0.03823366764143177,0.08427499784916274,-0.949166518034986,-0.2548317551631564,0.0001,0.16308383627212386
461.0766417957786,0.3528370802599322,0.26602757565929824,0.0014338554643804236,0.18415617656220257,-0.3032027633007655,0.014091942067853452,0.11954753896267237,0.06251872338500905
411.4378427207026,1.300023976235315,0.20359177487301133,0.02974917113551002,0.15274019251129278,-0.6151228717596032,-0.12159655638190607,0.23636556984713664,0.1646832902073166
78.8690187879159,1.5133738827084822,0.14208458036383845,0.022964828075891317,0.05636918306234304,0.03236850594486713,-0.0689283020474238,0.0001,0.15552075812745755
150.90248121464538,1.2879868772185838,0.14432756010289322,0.023459468994045118,0.0530966234646547,0.11024695770347577,0.06652687186606425,0.06865735060416375,0.14175273003469427
420.1137309962564,0.7117263807892038,0.19831331142965047,0.019095834636517785,0.15046292322078003,-0.26553685315694925,0.03918258243526279,0.06536510946807898,0.1065378644003696
170.74798884131644,0.9124707947384578,0.2385844624867804,0.0001,0.2365307290151649,-0.5894217194021135,-0.12780575338898162,0.18890145522745247,0.11516981672421846
183.37230483830555,0.9734590205830304,0.16545213957731417,0.0001,0.25428677235800173,-0.5943858748312622,-0.05286477571111772,0.16187598975604212,0.11763595388121091
239.45923648536802,0.9029129530997708,0.20454654338596792,0.0212568803548373,0.2601857112395657,-0.5686524748454349,-0.055417144812531995,0.06952315809100937,0.12217911209410878
327.79168831802303,0.7121288077777217,0.2142581368569469,0.01704947649232007,0.15902817246725973,-0.8436507424985806,0.03078217233427687,0.08789014206441934,0.10286855414312134
112.48221500284683,1.4418150619283268,0.18386857089954284,0.0001,0.2288387126726762,0.17368437830148123,0.09662061863165335,0.22546484487393056,0.15515521926315648
192.95399565406007,1.778038735532561,0.18193114766648405,0.023739642447193694,0.310075624961913,-0.42293835402724644,-0.08705074941123091,0.17620556171342028,0.1667373153571088
312.4636811249302,0.35501229147776275,0.12654789710395062,0.005782001951980957,0.03952365452644949,-0.6237985948484287,-0.02223591425694897,0.0001,0.08636004236212518
411.8002527453251,1.9669260198265366,0.1861444170891266,0.06908835177500654,0.17491531275753552,-0.6684437621970268,0.041419266607094,0.0001,0.20165253917348844
173.07099014701353,1.096720640876879,0.24508403297415238,0.024085616821952625,0.3110920537521405,-0.42702839117976016,-0.0834211181496643,0.13477858561327563,0.14956083932107794
203.60596661041367,0.6088791242104836,0.15396082539907924,0.014474790362729507,0.13863985930536885,-0.58333301317876,-0.03572248159519592,0.028303319650335088,0.09535216451759546
424.25116253127663,1.3508205925921912,0.16550923209062884,0.03631035367172422,0.21741041433394231,-0.49508436924036,-0.06899324017105729,0.0001,0.14653945696550774
205.70295231345395,0.6993779607298438,0.20071932794306602,0.002421851278796095,0.3062750829491007,-0.4442080794006775,-0.042197563553306276,0.11106143850960871,0.11108817615489965
106.61529825081664,0.5520356189365376,0.21948198530723242,0.0187450328063847,0.1264370306976652,-0.7917150192051735,0.03518849637367198,0.045808083991714155,0.09411069933153815
328.7743949544058,0.843001082234608,0.18522141230074587,0.0029626447773838417,0.22637186112658483,-0.5670987305397108,-0.07971818013183074,0.1241643861879809,0.13332765920534345
92.1149511877326,1.9569155816027717,0.1549314843954834,0.0001,0.17747913835405316,-0.3781301698583999,-0.058458920277245065,0.36418489494602163,0.1984621125475494
230.63555262857557,1.9338588384696551,0.2098122072511994,0.0585864340977294,0.1586814137586495,-0.540214954911063,-0.04144352381668032,0.0001,0.20091522524511612
444.1890566061167,1.5710443651191484,0.18911662457918954,0.032895344704909006,0.30058222443482535,-0.4524340171610236,0.06727220152959561,0.10454036871487887,0.18069565751884156
318.92090202019756,0.25284521056708503,0.2899164697126604,0.009946711111217097,0.20212522691743345,-0.8108860310329633,-0.05921610565835398,0.0656464184423281,0.0783478384206978
458.11712078044246,1.9249651856966625,0.1995114658208207,0.010259463047514785,0.239139612349745,0.555286188081212,0.3922674249238045,0.23324803087183948,0.18986374856819502
257.52317788361074,0.1990592840491735,0.41621164774788866,0.014924380015525571,0.28290696416133715,-0.526839881078162,0.03456329306134543,0.05201119561436611,0.07369487333083755
394.31588692288454,1.13663104142888,0.14670946412336874,0.021939836401893915,0.05497712861033855,-0.8461899249800735,-0.12531574106434798,0.0001,0.13758307397140795
398.46364989899456,1.9720287599147155,0.20786350284283137,0.0001,0.38126682199895745,-0.6704581753754079,-0.18206646106803318,0.2457624260311189,0.21884320569436008
302.93854874322415,0.12375371747153392,0.30817999558668224,0.009615202298362937,0.13911934665200956,-0.7915780249426033,-0.03277255233183814,0.00492958573870578,0.04423860030414033
119.43892510291754,1.675143087888326,0.20574969139857294,0.043687868225081194,0.2655377782678733,-0.6270882031873868,-0.20041822375277435,0.11074953785766668,0.1857331767330342
99.51952242441375,0.34694661402669985,0.27415997805091274,0.028847363000990552,0.1648394705273008,-0.8925217346379005,0.013759475119188744,0.0001,0.07188980743920101
296.9020620772521,1.0559937554155943,0.16234068336653312,0.025000159066947462,0.06915482078382029,0.5778998867520687,0.17933573223663288,0.0001,0.12359294342973787
173.1717352915034,0.05724186349792774,0.26097678746797515,0.0001,0.049289671286666406,-0.4906733246153535,0.018933809907902648,0.053429819353336815,0.06006385997506489
479.8233044606801,0.09864225840071864,0.2384402557705238,0.0001,0.1196764589969657,-0.4858780559570877,-0.06298279019250973,0.04315384795576552,0.04939777960533849
221.06712716575785,0.3109396963735772,0.31187164409581886,0.0076744011396226944,0.18500744297323274,-0.6073401834722698,0.017743154320214102,0.10097952692681475,0.0749576163069815
375.5330189177235,1.8103500092105307,0.19491214680215194,0.0001,0.37188786698259274,-0.5389980626990111,-0.1840497948948258,0.23548563274217482,0.19435928542993283
302.1173975737984,1.7129938760525483,0.13564616111311875,0.0030668732548435537,0.18931978846945197,-0.3091190681589472,-0.11506168533654715,0.1649637534433059,0.16738718823555712
94.78559040559898,1.3493495699760731,0.2500766604231913,0.0026387246045196876,0.3089236178127357,-0.31909616464526475,0.030065247805369743,0.23120844541979405,0.14599107362417488
62.35557986106687,0.11290096270707758,0.3310134189894596,0.0013310565675686862,0.1906052734472589,-0.5931930389688331,-0.0045233712239934835,0.059623118038674996,0.06562706883009069
184.52186266812382,0.7467575861158992,0.22737755709654264,0.017833593239398607,0.23613989527753404,-0.5420422620101066,-0.041053001653565596,0.06984844516351404,0.09994909210521122
77.0559214469226,1.5163109705734061,0.24033735172902457,0.054131242353680935,0.19557925073521712,-0.7516875135357424,-0.0421218892031435,0.0001,0.14906357885516117
330.3520567948014,0.4998628397543153,0.2287110041819242,0.0074203478634315935,0.2452649996705698,-0.5948277617210079,0.027213161179499894,0.09809788049795695,0.08609327493170715
444.8418769541958,0.612364757329276,0.2275040166727217,0.0001,0.14252664776565555,-0.5018658491583485,0.0856453594408283,0.1330110073177103,0.10815823863665827
112.13254782548893,1.6447630456642837,0.21509097190588647,0.041809818211756146,0.21250263478672007,-0.5357638875524547,0.07066678325124334,0.09182632298128102,0.1721025939690362
139.96415062417628,0.3549126912036205,0.19010970071185324,0.0021985901025871244,0.05636971539002989,-0.09071074445939155,0.12404798139624182,0.0001,0.06049977156683066
369.23678821409106,1.0189071985843856,0.21365257547039443,0.03297963147804432,0.13291289404955198,-0.6253675266559905,0.09645912757415981,0.0001,0.14777616798245183
191.24926810507418,1.2059818216100984,0.17785413153334362,0.028295738435046645,0.08726308297603452,-0.3063722122423694,0.05024698372913493,0.0001,0.14136573339164843
94.47712780615632,1.7007554795310202,0.13599779730729597,0.022518850712279437,0.10549501256231336,-0.4237476558825546,-0.06897156901116978,0.0001,0.16781335949771403
86.47359798025929,0.06645107721881421,0.6238551134549246,0.011153946043293218,0.2653642856979088,-0.5843534088039695,-0.03519918937472956,0.06075787534241544,0.06452950453935494
421.1286041051397,0.06455811013732612,0.44725934750873,0.003602097609284694,0.28295715360467055,-0.7369994095556159,0.006899809619890516,0.038943300441624834,0.05378118815200364
372.8518076579439,0.647615206417049,0.19780279385014388,0.010001479578745023,0.13076792456566136,-0.42155045331835467,0.004783099943410544,0.06290598214127271,0.08386516305210523
413.95067916646775,0.18180920512193172,0.2987687583945408,0.0001,0.14796876471135081,-0.48291981318741145,-0.05460094531879033,0.11271552358293462,0.06462154747202976
454.4674249452343,0.3976372934214356,0.2662563811959603,0.0001,0.22824260890104792,-0.5264669833473008,-0.07799295030418342,0.1489259825245329,0.0763701010774275
384.0520712929736,0.07614533410248014,0.46737982610690204,0.006079335213407237,0.14919124985372748,-0.623365376725596,-0.09421446390621994,0.07202981156262611,0.05442158314447222
250.32844449848497,1.7390133259915102,0.19177406784554576,0.06566958034903131,0.17194227903435905,-0.7419973965547136,-0.011004757198768965,0.0001,0.17819311323299925
93.6374716492081,0.4854234300394281,0.30304789741681215,0.0001,0.18738531579007173,-0.4969892155786857,0.053369893342312104,0.18341655572558255,0.10257867005967486
483.3261531501234,1.9021776593149673,0.21456765340961564,0.054873394118213216,0.24478046282443167,-0.2607001760317035,-0.02552123842599184,0.12890601985775574,0.18878607600010514
310.14869610675703,0.3046343382522501,0.31656955192577646,0.01925596142557646,0.12029552912132235,-0.5507297065617239,0.07255090124046416,0.06184534062571982,0.0685859648582137
320.85402437774434,0.6859431583586664,0.26000910143561845,0.0001,0.22762214292679497,-0.2983896153292466,0.0711821386237202,0.19344467412274022,0.09571054875553338
186.5168259942773,0.4094997135435376,0.21624150099926379,0.005625382866401466,0.13740698030027743,-0.46198755582055495,-0.04668113707735164,0.14965026589081368,0.08221076868289887
378.49953999610256,0.21514150955437056,0.18578569994096222,0.009450827201788378,0.08915322355926135,-0.8189414419707685,0.013559263061839147,0.0001,0.07276862034114889
445.66009367668016,0.9324043853972783,0.23750625813362905,0.0001,0.30229197799912844,-0.3186826149066291,0.05219281987199926,0.1684845600207757,0.11174000029211302
342.37041373829635,1.2706815025203306,0.21903504956882072,0.025704991680841005,0.22982710850860769,-0.30199356084628515,0.012353467009268768,0.0987369984386964,0.14506135692665603
60.65030400004392,0.28760685868620584,0.26533064702940556,0.009998209161705357,0.10430725833075347,-0.669639130975918,0.05298739305769808,0.01167891572395381,0.08732015230630605
355.44612793191106,0.7824610335944335,0.1964004020565196,0.02802542504496193,0.131791295280029,-0.5293963273007335,-0.013812450257549007,0.0001,0.1016397241241015
346.8083394421466,0.783392113082973,0.195223891360731,0.01941662449508817,0.07600669949267652,-0.02177473857178854,0.12405726648217676,0.0001,0.1217696972192309
65.04949964440407,1.242414218535799,0.18991528721265127,0.0001,0.37559693345977374,-0.6909378340980489,-0.14538867907815384,0.18263976485799177,0.14472124521991378
217.55315799732048,1.9838329742495269,0.18789166840550287,0.0037644981713222535,0.23887676801872587,-0.27047772096571177,-0.13675676314278884,0.32350155611587883,0.23176162830833194
191.48628779408125,1.1838374746530054,0.18752731022213387,0.016009571524644405,0.15536302825371073,0.1618346027797149,0.16074853958522375,0.07397119557210448,0.13821819526634216
78.87488156547428,0.21230709626023098,0.20388932882285746,0.003615774714142964,0.06701359171795784,-0.6702676962345088,0.015988726389420768,0.08666728671909717,0.05035223437997147
366.9720917985243,1.7737177990965933,0.20120437379543787,0.0570091388132078,0.14294922420738154,-0.7639331691081269,-0.053221670622481565,0.0001,0.18720030007490124
57.69912824364059,0.7074113505230237,0.20311938921304762,0.019112182029962097,0.09012033142127701,0.24718040075946535,0.15169822563472055,0.0001,0.08816699978846525
72.48738250781341,0.45378428759629574,0.14554055113136652,0.007859574275959612,0.05070757078717868,-0.999,-0.026984979134399685,0.08944776336299337,0.09357048639203482
182.67167040136576,0.11319426422704507,0.22864760899400272,0.0040305034365737515,0.0899782570743566,-0.8381161601207286,-0.0888151561044719,0.021302421740741123,0.049086413196475866
109.61252645833306,0.9341124408306553,0.22523152032348864,0.02790435944640581,0.07816805732856304,-0.5715136594178907,-0.09916716620252897,0.030161028638030697,0.1155678516538891
418.8996597976622,1.1408176495589284,0.20628857035201723,0.02751075022887291,0.2529404916752665,-0.6130206007700493,-0.09899454784536237,0.12704134826598176,0.12588294985063836
212.65671306766185,0.06252406879831554,0.5054405942517199,0.011135960576594257,0.1608631590298616,-0.7822131771783726,-0.04472513554077197,0.05636169886498683,0.06363062754627839
271.37581332752256,0.8788712462421638,0.20695035286674984,0.01792276066137572,0.16322997550255972,0.27275828701991783,0.22259896932198917,0.14005682901802263,0.10620977611647384
241.28088207925592,1.2240324848165915,0.2221954603665592,0.0001,0.2460772685308929,-0.5883348219344319,-0.14941694186232563,0.27909022727014066,0.12268930886953688
380.5421883625253,0.13510037690960408,0.35608632008323227,0.0006883420337717983,0.2955032275584559,-0.534344828064551,-0.06127269217522014,0.06504796504270921,0.04986949943896615
497.90653807071425,0.8960072350781669,0.17842317582596473,0.02689003213897631,0.0805436241431694,-0.33680776107777183,0.06787613893867192,0.0001,0.10893971165626004
178.89436822861643,0.32332657693714045,0.23055956491730228,0.0030221612295152464,0.22403105135013582,-0.5030101698293558,-0.09422997263264042,0.07221283680362237,0.07360986457722436
400.1411002453114,0.34789256515950473,0.3725075385950917,0.015623153809473633,0.24260637822516193,-0.32281951696588534,0.10481097019118227,0.05651760449072143,0.09502301711383676
472.2901188909152,0.792347323784621,0.14891895016894882,0.013479435809651176,0.03628256616341387,-0.5853106221380495,-0.013787208441182492,0.0001,0.11430169744212304
239.3554421715496,0.46596114979277004,0.2668900546522058,0.021599564820767112,0.10258168534399523,-0.7337178959356286,0.041314425722499604,0.0001,0.0943340185815489
157.62736982548734,0.23237875242831962,0.2010504154220305,0.009278156685034188,0.12818110812310698,-0.8343675681072709,-0.03894602123516378,0.0001,0.057191986863020794
403.8855745756541,0.6121082641728989,0.15709194109950905,0.0001,0.08172119672458594,0.18565905883336956,0.17783764136547922,0.10759035512092849,0.09638934611666498
416.2598279419416,1.1787374243268167,0.18719020550517548,0.0268355515636203,0.017002172491363873,-0.8757301193893855,0.9435285917855827,0.017573210050300842,0.14798534904045377
144.79353773651656,1.96285673160674,0.17308489025487903,0.0001,0.2316640472882006,-0.6495162783742323,-0.14128240593837915,0.2579108477815416,0.20360516233549972
380.8333530997714,1.5775557929801114,0.15373512543211637,0.002231981385065432,0.15224846890279456,-0.35312869008126546,-0.08303302556772098,0.28757879242988216,0.1803753330779991
485.0344387654564,1.8948012195183206,0.1836504980992987,0.0047514486562163245,0.17004008448322064,-0.2446850504904608,-0.1779406270269156,0.3298476362524514,0.17209714846791266
374.6213515287971,1.16665387237124,0.21755201594646736,0.02932532125923724,0.11724279976178366,-0.02048648328175224,0.1517854162752499,0.0001,0.12363407961606743
238.49179241317697,0.7180763170877925,0.2083563882541346,0.021553618217764588,0.10528087253674434,-0.6900139715581255,-0.07580780644853378,0.0001,0.06799743858997775
220.16994087253553,0.8606538083244762,0.18967511691854488,0.012944991449152139,0.10582179647401077,-0.09644700861258995,0.1282358187478869,0.048766728067829515,0.10765465353460181
374.133573890664,0.28210827040448566,0.1509111432978643,0.002761276824759117,0.061128170291420335,-0.6020998533529806,-0.04295160949054935,0.09089699775217389,0.07768241356659905
468.3401886540046,1.6988746068014038,0.16829429480772892,0.054531237676823156,0.06062056224998261,-0.38306201447528554,0.12417936810449855,0.0001,0.17633345684912968
305.5161034116686,1.5994396592349094,0.20112460398465334,0.003912688840838048,0.36864294899090383,-0.15692960724786698,0.10570094302768517,0.1939142992145843,0.17189807072406824
91.21834575557696,1.248962029174892,0.2057578391124384,0.01933134231211323,0.24088567880269818,-0.26681283890858576,0.04096700401909568,0.11741458231430967,0.14688977989646057
324.2494215739288,0.2861696850380749,0.1837083444242957,0.0028507512773606005,0.058255111295627694,-0.6520410509636877,0.09311482672403015,0.0001,0.07028406139184853
278.3142226152663,1.9564354905032488,0.21175364596507773,0.05098885011056709,0.17094625456445026,-0.33388232553014235,-0.015298956836115669,0.0001,0.1923815431445496
438.27043555880203,0.20622137667648432,0.3913068293756468,0.0039445680081437295,0.2018198617387839,-0.7248448375410895,0.08554866567974749,0.04395527336379928,0.044126238078067134
74.26707914822133,0.9969151847705517,0.26461441993911244,0.0027527853533336234,0.3113852139354689,-0.3681640001316106,0.09840669633516391,0.14503091226232692,0.12837453716645306
331.8541798378905,1.2853034354137123,0.1999532137075421,0.0001,0.283670219830728,-0.5248810549731434,0.014129383897382958,0.16410361880171287,0.13989924599534864
221.3266769937305,1.0339054483158943,0.23681789957649554,0.035190254860208395,0.21134368768027614,-0.6839787620887327,-0.10827687898171869,0.08523229001858039,0.13074240045070068
499.35256859737535,1.0355237658269876,0.2527462658695866,0.010980724703144625,0.17538976722689253,-0.3366158229988395,0.07685302668244459,0.18922468110141522,0.12803639496826794
327.0442083594104,0.10143572033149495,0.4317508839179335,0.01705982757350337,0.09054884883101566,-0.7261036124744279,-0.07219379065289834,0.0001,0.06210287651788877
299.7186166453745,1.5719756679791979,0.23548928032034683,0.00977474731105279,0.213034419175206,-0.1462302281524163,-0.046672593865529854,0.25281579083148653,0.16423257393496335
172.41521000034942,1.6087947517564598,0.16018240850960336,0.04583034958774889,0.10030282733406634,-0.3222832100770491,-0.006953732639064707,0.0001,0.17818854143698007
393.19422282844954,0.9362481529581033,0.19064463996188352,0.0001,0.12015075137911264,-0.009757862885770616,0.0828612937766434,0.2367902703201194,0.13163875319713927
385.84179939639915,0.6780585718044259,0.22523817860375397,0.006297550458219123,0.16917955634498832,-0.5228129055730456,0.04457440086735783,0.1685895949585145,0.09642666143878564
499.441061932125,1.0876558656950424,0.16341486316730047,0.0001,0.2652879389140745,-0.9106359461649148,-0.43997879741048235,0.22557611571814576,0.14534525701544634
435.914898891763,0.8285504466677133,0.21203381568456067,0.02277817898073798,0.09185498920308133,-0.4245394891613445,-0.05593543713078933,0.06069015255514106,0.11018976614742367
151.70512563424933,0.6887904317661485,0.188446391509785,0.01061630223255086,0.1577681729382553,-0.31387987816054036,-0.04730952055042451,0.10898717316897408,0.08325463831057903
253.4468211541512,1.936705312876455,0.18315445873096078,0.03652197414440831,0.18725108119918948,0.2361233075724697,0.1870329378752909,0.1587030777228175,0.18180809552312763
88.8923959684162,1.9315441855307505,0.2157895128439419,0.0001,0.3174875630584824,-0.23541417824920335,-0.12753114749237623,0.2471999057918245,0.18495022267468847
260.00453383485706,0.8156738351856414,0.3028506095390209,0.0001,0.3050383657810981,-0.6257360199625456,0.09473066211072209,0.18055857299146086,0.10317454116243237
117.68365383769509,0.6755301779065502,0.22479436629467453,0.0391261595157465,0.10808401319694093,-0.7130936801930122,-0.024721497746556003,0.0001,0.11018360040445516
99.41910186651913,1.1956670514294656,0.2238749393687516,0.040342160828624504,0.11015407123408222,-0.6771233972500846,-0.013878508158925898,0.0001,0.15349218367187245
258.72321398437236,1.4762481637597578,0.2205431572860402,0.0017962983448115782,0.27067100259031157,-0.42133068660501527,0.054296421728489384,0.22784001230229792,0.15589214096726278
457.1591505931656,1.5930847435490822,0.17407377223438325,0.05307052090355734,0.1334885495372903,-0.5291258517476427,-0.0690916292662829,0.0001,0.17735199457363338
430.0312922779492,1.2972758328621432,0.21259227202317413,0.0001,0.27342193235427875,-0.20073592149058303,0.011090668474444572,0.21418459326295256,0.1618762520939501
415.75468329096947,1.0277735692348742,0.1774173363642877,0.02389316367186081,0.10190268184801414,0.004331134196240213,0.08147469049882637,0.07839434905293129,0.14031256975790157
240.94389337636903,1.5577718285455462,0.17609089815134482,0.04996163286408735,0.2093025497855857,-0.3192163930210923,0.042003579959832116,0.017910109913140185,0.15485463153329412
201.24182832157385,1.5161876625080042,0.2050165113138528,0.0001,0.19649303313828445,-0.2533396942285935,0.09739519161135343,0.22949458498446676,0.15060361923519108
195.12021392571123,0.4924028627863169,0.2071543853662175,0.0001,0.23227454333404365,-0.425197896809305,-0.04880615278571308,0.11527313802264008,0.08769177057117579
380.79955986643455,1.7437792030655348,0.21726243511307014,0.0001,0.33494529898482467,0.5901581254172562,0.3345717192204716,0.2503614124104836,0.18412395583763144
73.9332031398532,1.2987405841512654,0.20484288432800915,0.010245835509652895,0.32919148033815626,-0.13691569848853216,0.11728230766045811,0.11086561367403441,0.15365754895813252
288.6625047421476,1.0239380401276228,0.22072785953713214,0.04725503683677499,0.19911373938996269,-0.7322967381319931,-0.08779165810968237,0.0001,0.1282050834101094
477.6979052528197,1.9144056105274485,0.25186299941512696,0.07426616691186468,0.24048993909141742,0.46803589499552223,0.17925098242092277,0.0001,0.1882317819447697
126.58080270457245,0.3575449848461653,0.1875845647309971,0.011708279127535817,0.10110178603207419,-0.7914178752448112,-0.07769982920711721,0.0007047765019928354,0.0759067468568774
216.1131369920955,0.6399972816857185,0.2303736913186296,0.0001,0.2546161912892811,-0.4080932041043641,0.04326153547589326,0.1280354437736309,0.11432292116525208
311.8601114625631,0.8586643723713678,0.18586083929668964,0.0001,0.2273044645430761,-0.5053981746583802,-0.08496935487396,0.1783174523681563,0.10698440360988853
264.13293999628013,1.3304841202291717,0.18767775036941725,0.02471719796255393,0.07182791820648043,-0.3771689490433389,-0.013825676733699478,0.0001,0.15059794574253899
472.44732462486456,1.1223883563233412,0.16420752525536347,0.013552185811112815,0.07552780384786364,-0.28870674096361215,0.08938610761351505,0.15757805709093148,0.12922728807249065
109.69803064613863,1.5197710860534202,0.19510764618432486,0.004271721392478754,0.1824331749979834,-0.40406101163011593,-0.020681164534480132,0.27470756004206187,0.16837837498364439
386.0766801765836,0.09391728172347538,0.4422007122516385,0.00046198270528525635,0.2246094789763002,-0.8854095792462647,0.04773948435975053,0.032063148287201755,0.023852633149831458
460.41709798887445,0.1264609912905142,0.3048434665191816,0.00447539254342689,0.17766063744351965,-0.6837601647108811,-0.028841196310660597,0.051212858188359925,0.059008256837301196
167.28130870402333,1.758765870128804,0.21178510445654294,0.0001,0.28874050023373893,0.10263741230364083,0.055782371293227995,0.24257058471586881,0.18592812152540758
268.0993050593342,0.27024552300546295,0.24836074147853907,0.0001,0.2652332978058372,-0.6135951594483782,-0.06043219035852231,0.06014263672705259,0.05318597367311324
253.31736927030482,0.7498428413740121,0.2737416463535241,0.03179714774121815,0.2268801025309169,-0.3655974535359411,-0.05222930115680393,0.08275495083184556,0.106645746699494
94.15395408155415,1.4207995108326836,0.16786914903785244,0.0001,0.26389636576105596,0.45774444607715786,0.2966538692332973,0.16515359639252622,0.1624139405357785
120.78207745132798,1.3793460384322724,0.1392303162670823,0.02766152471063968,0.08445692595969688,-0.7607581019873088,-0.016669406078458494,0.0001,0.14466200969265983
418.7495533414775,0.9854406069556798,0.1883197382993275,0.0001,0.15376135870587956,-0.4885472178554261,-0.03275405824834891,0.22572818000324704,0.14382312382167464
181.21013325339354,1.2339967692959786,0.16639673749324202,0.0325860052322238,0.06999774630151007,-0.5217630090699059,0.04137415147061495,0.0001,0.1457248051414723
204.0088094260833,1.720522415644694,0.19708652950239283,0.0001,0.270125520802359,0.41054762079865903,0.17013308441354863,0.2201713385657476,0.18684738177222285
409.69350696795175,1.9044565375061817,0.23156156699450928,0.07938690287092917,0.26498668688025606,-0.78254101687025,-0.20117694814057543,0.0001,0.18273216610753004
267.5839779666002,0.0684893906001329,0.42114415639539177,0.0027661835929163664,0.1675025866068377,-0.7341954756516437,-0.08097106290891501,0.07359229142175586,0.07402010490471325
233.322556182452,1.4612415166406059,0.12081392587495021,0.024790688277967127,0.09530102385505439,-0.39162276451996303,-0.06898394817910825,0.0001,0.15147701037158254
63.805523197379834,1.142092665986354,0.19154886532895882,0.030473931055089207,0.08235624258462222,-0.8245780302169429,-0.04145975902433028,0.0001,0.13017497943840392
164.7303864378781,1.1391313982206022,0.20956553490920166,0.03951385286451049,0.15119087368612222,-0.4732322124324744,0.09607324333932309,0.0001,0.13615080245046648
108.36151091450809,0.6258723133693892,0.2080841756812375,0.00776325771316678,0.22009938662825287,-0.7764745713774623,-0.08813277047174153,0.11279580965508694,0.0822343606465904
272.0746535126368,0.6473971248323052,0.1552302080146115,0.012645874406111686,0.05111523927094651,-0.5495030553557425,-0.12415551236981268,0.0001,0.10660409211804113
408.7355600320494,1.7392622047874744,0.1803376463288713,0.0001,0.2917423379672824,-0.3043193491670086,-0.1461291268066292,0.22042025810610943,0.1764437895374615
262.3285560338315,1.1413045847003132,0.17948537438653733,0.0036926042720468216,0.22765667475694587,-0.28795245377651046,-0.004750007085676846,0.14254129827909695,0.13636998563567765
432.70162903301963,1.1060087219987573,0.15173607403209743,0.01385368616118707,0.1349504431923874,0.6583171772864678,0.2897362209515521,0.0001,0.149110692071186
149.29357971294252,1.3382454047545984,0.17488718239550766,0.0383307653334947,0.15148038057149227,0.12033643956894562,0.06366263574413546,0.0001,0.13826898620439732
148.64978588534004,1.7824569909623094,0.1596327915595514,0.05449720014155232,0.11374458124123685,-0.999,-0.1511729282288947,0.056186344751799865,0.17486904450574456
350.44569766497375,0.2561868093888916,0.24189931908268436,0.01328942245223621,0.08599482155724529,-0.6324308473825067,-0.0013713379973080175,0.037412073053274396,0.06813847796976225
85.02876515047764,0.43579180192957934,0.2830296178614521,0.02806157791124392,0.24281658688248725,-0.9317787358907444,-0.0402272318255947,0.06050952913922749,0.09623240244937775
269.2203025884651,1.2799428356211286,0.220207503260858,0.05202049599270947,0.19840362792128308,-0.4979101260160671,-0.013659962978500901,0.0001,0.1546832504820049
176.3709482748923,1.6648313097303546,0.2078615960794597,0.05467136813156376,0.08309625981858568,-0.999,0.09656564796786181,0.0001,0.1684692843157325
132.33522495105825,1.027857632491492,0.22884126039818786,0.0001,0.2301356956654616,-0.2191495564591531,0.0042744005389461865,0.17943191639479691,0.13290641836466077
143.88767887283765,0.8867241476469697,0.19159516290882492,0.027483856483103114,0.07123975295700476,0.34203049681624303,0.20687761195522278,0.0001,0.10122733796807928
77.43882250986002,0.6469764896557938,0.24421305875960597,0.031677307709501376,0.13982663708256696,-0.7489295343762753,-0.09482857183902199,0.0268367663927654,0.09554789814157304
191.5715914647214,0.13229862663431152,0.3103124240030267,0.010550612948142897,0.08481626319067358,-0.7610149076539737,-0.07590733731010359,0.05790933743240915,0.06786906405670703
205.266102613568,1.2773994889654883,0.22300557999648074,0.042551602777178094,0.09209382420244873,-0.7544993440722089,-0.04138873623848751,0.0001,0.14103919872996862
415.3447197023978,0.4844405025246326,0.27490338712171686,0.021536749802234616,0.22678918628009426,-0.6172592342632941,-0.0831824221141939,0.043884648037262886,0.08701299438417746
73.41819376068494,1.818488059896946,0.1692567068490948,0.05024528755927985,0.09810708823207477,-0.6174489025304527,-0.2069083520236016,0.0001,0.1925788507414457
107.76164870029469,0.3454217154596868,0.26089387847967216,0.01915075196541481,0.06807508572043405,-0.6042022086693678,-0.03530679924694665,0.0001,0.08872810936655509
86.72734481637835,0.6797694664302562,0.18831105761992503,0.016517059516020702,0.11269797949564117,-0.22465108397354222,-0.017543862159587344,0.10358324881805023,0.10511022666393688
391.4168671572161,0.25614004986715955,0.2223192458165332,0.011583141848062932,0.10582371176059567,-0.8701880807391581,-0.04420556163757929,0.06339883394056864,0.07169627590724086
145.6554734941687,1.271251437786165,0.19203030250997183,0.0001,0.307196792024509,-0.7429485200697626,-0.2879257912221067,0.20172260861005092,0.13863694289524053
56.80734822906831,1.7838310057076525,0.22573479779061467,0.010670200251539428,0.20889615978580778,-0.011469791282380043,0.13930711333267606,0.23079825436672058,0.17699968963090587
312.47239789959633,1.3173531675974326,0.22906841531212008,0.031723581759534256,0.1482564554937238,-0.19697338999549532,0.12414423593663923,0.0001,0.1354503392388408
125.11557473345736,1.2355174593325913,0.21364793301800317,0.0001,0.2756226154349066,-0.5464021973801444,-0.1345879222074273,0.2073622437351386,0.13414461559804364
217.17243036256983,0.20200832611589925,0.3511339546083166,0.0001,0.23593071804054488,-0.7105170921908865,0.06809546360943788,0.06140404174376062,0.060855723899464656
469.98344924854996,1.044886453945377,0.21798644277337587,0.04561627100404832,0.1978204911586252,-0.3421168674031827,-0.02484890127073213,0.0001,0.13347300952213378
195.5976869877247,0.24373129341026,0.35429636542997667,0.013912464301861075,0.1755411512667123,-0.7606695784204818,0.05442298864546131,0.052403390132591564,0.0814938157090776
62.063532759184255,0.8405541704727277,0.26527290718702445,0.0001,0.19164909813846048,-0.449615297902865,0.025291984437126776,0.17919722792513287,0.10695581515574852
93.32594245641022,0.9044455399577871,0.2682163925137533,0.001765102344525792,0.29245235761800625,-0.2537931008008396,0.06354655343707707,0.17080483984550396,0.13061545441714498
300.8874344227919,1.2752467584178193,0.26358339188181956,0.022657162632297202,0.2905797487871182,-0.6808794216587138,0.015840870246868102,0.1677602828000142,0.14021784506652718
397.6664151573265,1.6381374537543252,0.2094200844984493,0.029336761525162434,0.11012464868969246,-0.09045607911813806,0.1520088092131084,0.0001,0.1641997667919233
462.5547068920599,0.40005281946960486,0.2456152489827017,0.01363272313361772,0.16106779016216943,-0.6772898845096569,-0.09998112318573384,0.0932056660074244,0.08432313054525273
335.0991539378079,0.7980221229027873,0.22079428779212706,0.0001,0.22566766031875143,-0.39113644285078775,0.03229006247279242,0.18003832552692678,0.09759984310284275
247.26806698966044,0.12217285125998992,0.5056695449895698,0.007781840012450818,0.16507976466670402,-0.622492239088717,0.06637267539717422,0.07223967223783916,0.052560358478458094
373.27755846847003,1.8521125195804373,0.21576586372591958,0.0001,0.38500065262819755,-0.629470282701001,-0.29126220138595993,0.2282892384166406,0.1871126893058636
494.44441877505517,1.8169361087729836,0.22470915948126546,0.044816982228917744,0.19550084613923577,-0.1908476674887923,-0.0833190426767877,0.1356187507610897,0.19560270957801482
354.77730618068966,1.888066375436909,0.23995361265419268,0.08096885316263015,0.12442653350196654,-0.013647427877076974,0.06881653069189725,0.0001,0.20115857921730596
249.2089886573482,1.9916104542544562,0.12291136314515343,0.03709887072099969,0.027094550218432226,-0.8928309905456188,-0.041451916087153595,0.0001,0.18448518047544105
490.45103330091604,0.6460772952613894,0.20561038832851147,0.026154040061689667,0.1173625683647609,-0.7316573529089596,-0.017023787013255173,0.04391564647755442,0.1030114024321636
411.7002830458504,1.0785221628663257,0.20038900034118198,0.026250642257961213,0.10404507857223358,-0.42343204018215186,-0.054229699191884535,0.0001,0.13682071043158622
100.70588747612987,1.452291903325793,0.1890589702374166,0.03561598187150422,0.18278204474867343,-0.45632695773534465,-0.03412389177163941,0.06265421082556011,0.1741002032080069
271.7280242985322,0.382415568235422,0.2663845910381779,0.010784893279757662,0.25060562306969614,-0.6181088433632542,0.020730184094211204,0.0683676691916292,0.08432368105783247
415.72800470795937,0.21286180390159032,0.36259118468564633,0.004631876966540375,0.30016170775634377,-0.5536428651812063,-0.0035056138485181168,0.07881958495073466,0.06022634356227586
159.51735319906248,0.3707085546568707,0.25681828525174566,0.010493827637211108,0.1970264656095803,-0.5336738394076315,-0.0930220827820407,0.0634512496195616,0.08692205367050432
169.58671026860975,1.3263392036718213,0.1663014748237631,0.026421071190882228,0.03809012441010471,-0.8603111879230011,-0.12417312040057606,0.0001,0.13787569564915106
131.90101759758556,1.4101383388407627,0.19833154461095392,0.03358086697716019,0.07058721715122808,-0.5745716155931732,0.04138561905770183,0.0001,0.16216672175705282
385.7937444626298,0.40237205398996817,0.19056248559649233,0.004457699734492286,0.1318778109041694,-0.5493372449351633,-0.05714763562291436,0.09392036890756048,0.05463960387558867
431.96011661619343,0.47011276895338483,0.18858910786128444,0.0001,0.16149536323710145,-0.45979668985511407,-0.009952630636135197,0.12135992476416352,0.06507343139613281
322.63415750481386,1.6289654006883652,0.22085962933619913,0.05126665930274601,0.13430395430438596,0.04912972516917348,0.1516786795184665,0.0001,0.17450928197671817
162.4309209923803,0.5780771108574945,0.24339776352308568,0.0022729390016653587,0.3636680046219224,-0.6485682883682123,-0.13963037619236104,0.1494747583534968,0.09541391644422154
167.79362252119012,1.3214205270044599,0.2539832465735997,0.048912939845990495,0.22269952547011518,-0.6209108401487082,0.06253141292307797,0.12462618718232277,0.157219644975503
324.9300782216329,0.8381096726777658,0.17184440300253062,0.0001,0.1490721805250798,-0.3148000992358329,0.016788318307086013,0.18505901071679526,0.13057841639625858
342.0126395338645,1.683453253291222,0.17679413822680426,0.0001,0.1429062923284263,-0.15941263362179364,0.025290395984903985,0.3289605682021372,0.1856782891474366
119.61564066948,1.2551737187281669,0.17137444492342044,0.030423329738075485,0.07914850567645995,-0.7474595493735496,-0.15172890233616426,0.0001,0.14310694903358195
152.60506887136432,1.1601068615979073,0.19531305410641409,0.002508475587094579,0.15842750145551754,-0.36812026115553076,0.09404352529423997,0.1638371854736602,0.1474689202874761
256.09409258160144,0.9064842385249903,0.13404118481558447,0.02069265720831321,0.17153942409706094,-0.4086381608629418,0.013831040768660898,0.0001,0.10640053041731326
474.8346264933336,1.5685271309010589,0.19298373111121703,0.0001,0.20424744520244803,0.17385909416712536,0.14032611787506433,0.20612208574806942,0.15302095346030856
184.33535826614522,1.731643232741078,0.15459814059752053,0.04165112413395864,0.05147928926798188,-0.2366421582785108,-0.04141754391746708,0.0001,0.16636527183685498
412.57350572320377,0.0831551289818745,0.3821562072053933,0.004700218581111634,0.1068305152783335,-0.6942783807799744,-0.012152648870491797,0.07622917850953981,0.0620369624334227
263.8587034730088,1.2487770071035618,0.13279246897802963,0.01898188083022861,0.0985615336845478,-0.45137064097317653,-0.06896887541493339,0.0001,0.13022455206110195
428.9521026489552,1.8929171162009268,0.1941380545118322,0.0001,0.2663166015765431,-0.44785787241662867,-0.10537099433140112,0.32983574899379725,0.1790559796253593
303.3489323516983,0.7885241260532331,0.1466681790129789,0.017940256835311166,0.09191868763034339,-0.3531663461900552,0.013806998051162088,0.0001,0.11988215776936309
52.65154699665525,1.6958332803340619,0.14919614394493724,0.03186820226615969,0.05606562087785079,-0.3099302219584965,-0.041456080779582447,0.0001,0.16966761568444144
135.05954455457038,1.1801003357814925,0.17168459424324098,0.001002588375974363,0.09709444910579033,-0.1296695927174578,-0.10719311414245625,0.3687700028964899,0.13741629383837484
82.90939063607425,1.030532401813698,0.20265918023465498,0.02716068933202523,0.10101896400195591,-0.9332511581859736,-0.09658445131895106,0.0001,0.14036759008237104
269.0439987797308,0.4846599487457195,0.29289640960391977,0.006641615074227335,0.3079512754944804,-0.6116582971149118,-0.022487914250322552,0.10102528814196739,0.07879064739472957
472.4792654190449,1.2458100261636325,0.22749709417435426,0.040332251938091764,0.1374979547745197,-0.713901627950719,0.035805165409466023,0.11622997332458265,0.14527557883974684
168.91241741017012,1.8470420160809282,0.21585438291929987,0.0001,0.18136674506759085,-0.0749485180504264,0.16735424719435926,0.3320280612289162,0.16264643711196702
85.50144849153907,1.4777178470773076,0.24073806818724097,0.050325585381958526,0.17158526781869277,-0.738986076499675,0.0690304416489295,0.0001,0.1570405268570991
192.5479985301355,0.28242422581459603,0.29698671281225303,0.0018741642148510321,0.15715989991539958,-0.30332226617856733,-0.0017196962445060711,0.11627922331630335,0.07054560203178002
275.5736209105625,0.5368073448318245,0.20838111963749598,0.01062689813028795,0.19098744661228537,-0.6829370848099348,0.0177742375288786,0.048518599721047426,0.07854209716097572
346.7074451284142,1.5125595234129365,0.14243027300665656,0.018759190307139666,0.11119307937551141,-0.25830421651699637,-0.04644332924279138,0.1435165186398022,0.16254332991847728
495.6603075462786,0.43316477887767973,0.3063020934344324,0.0001,0.2285759446620882,-0.6515142695253482,0.07568878999637181,0.09317605785577568,0.08009212781320223
225.1876324422761,0.5188658094433644,0.13404916195470243,0.0074752338378482365,0.09382158673149638,-0.5999100718463448,-0.01909622542356694,0.0252021734393138,0.1001379587746274
71.81463935704953,1.7618224253825125,0.1892851238824585,0.0325743091315961,0.053913250787692144,-0.13872764936205262,-0.09654793266749231,0.0001,0.17561392845399126
228.45463583752397,1.1961898130678823,0.2612275173067852,0.060201876888651314,0.14795223779790537,-0.36028404894916377,0.05701175399348794,0.0001,0.15795609141281053
216.25719840631737,1.8197264119922094,0.20976797915470388,0.03019696353960596,0.21905957966528922,-0.23886565507408677,-0.05941854440213994,0.19501903379976374,0.19204350490765182
295.84492035040415,0.673660171910803,0.24037715698828999,0.0001,0.28586037953177085,-0.3146036658408629,-0.06450861051964789,0.13674204230227863,0.09965349311113984
339.3810137565752,0.5013419750799959,0.25290861760067357,0.019239484923911202,0.19025058054404467,-0.6767137672887538,-0.026467647194704656,0.05867322828940692,0.09911591978125908
218.60919758686398,0.4125543868283926,0.23123600489071783,0.009930951975814558,0.25524419698339446,-0.5725176838802795,-0.07300636720397484,0.05992232681688078,0.07088932376503229
104.63780333190698,0.3847204165989962,0.1955081588610788,0.010024789224578863,0.19252072529542694,-0.5730659238496522,-0.026805514692670944,0.03955501255941717,0.07768587435211241
485.4568211980008,0.06454155357228267,0.7870336614914095,0.016486382017536473,0.2711928931120593,-0.6618152978401599,0.04982923962258677,0.0419401668359448,0.07461337688404243
107.65073582641163,0.14554956118058215,0.32505412542222095,0.007763590272187225,0.0868886550840757,-0.578008324624232,-0.06749821724218633,0.10956747923576463,0.059482478357501055
414.71234208013635,1.2184471037812399,0.21295083758366232,0.0001,0.2991062213103981,-0.15295016971715852,-0.025809402073906,0.1828876174819588,0.1356208970193299
453.7074158903955,0.9149317337518977,0.17340440623099612,0.019088128032588803,0.0833907738930244,-0.4619752980610603,0.04128272900452422,0.0001,0.11003213439162388
476.61453096429904,0.7435060616801454,0.2234169256938048,0.029213150600771367,0.29516190700167416,-0.49437116235056416,-0.004515240937786635,0.0557473598761221,0.1205823288532873
243.2077199257683,1.5798510072242344,0.20085660586349036,0.04133931419783847,0.13373387989673857,0.1775982285534077,0.19843697289087886,0.0001,0.15074820123497673
66.92296315046679,0.7154837038278994,0.19606503452193283,0.011556768295542735,0.06448109595043956,0.49237527625211036,0.20689406615368117,0.0001,0.11414433066100173
142.15116363795167,1.0851665993485755,0.20511849420188322,0.022864829719488854,0.2896556098787351,-0.26494417980365914,-0.018137036083725286,0.0946381055363487,0.13006067017840306
442.2792001889662,0.4030758955740231,0.35895676894415085,0.0007043480713036846,0.285782497635704,-0.5416323788230076,0.0992649124662755,0.07995861158477716,0.07308671872257001
276.6624931514176,0.25986907758200395,0.2714558662124217,0.008514871048098371,0.06076069654430139,-0.8027680068895766,0.11050643420866456,0.0001,0.065376512831121
167.71168015291136,1.5153490897911186,0.2602023516404924,0.06101491635150078,0.23240384781666573,-0.21097424571707804,0.0011362260558387136,0.04712874159624863,0.151619768422851
483.1348877423674,0.4449646240792442,0.3077698531212304,0.021624186805384964,0.2153974590644469,-0.6644218487653663,0.09921646782084587,0.0001,0.0783019864120182
415.46036826368714,1.7911714926026692,0.1688081487986508,0.06010864801791644,0.06738324833854181,-0.6530051650906391,0.013722005913922707,0.0001,0.1915727609905702
184.28421600503333,1.6911757181468685,0.2157343302403939,0.0001,0.26828135379181817,-0.1051499451534028,0.1478050641085031,0.19106043565496253,0.1621494925374829
66.73536311742859,1.7385979981936102,0.1574921102547449,0.038183330370358426,0.30943170018069827,-0.999,-0.3511838557091155,0.2135304798774484,0.1691863085190242
339.74762369741734,1.4112101686403962,0.2604676056558221,0.06663991809030732,0.2357831927585934,-0.723611552796405,-0.09646003768603682,0.0001,0.15057799933563584
59.47859504027964,1.5165869676931443,0.1922609276473857,0.0002046182092854191,0.17354565588021567,0.67548401581546,0.488827083700512,0.30112009742545526,0.1860840479936145
69.69062711274464,0.5514896121961839,0.20293301956077503,0.015606001185503125,0.12017185291865748,-0.5897496785875146,0.029757571423231155,0.0001,0.07371107526242449
346.63914760591484,0.5346727899225463,0.282826897098238,0.014523071634736531,0.23010526785911548,-0.5975886275136174,-0.0013557476287227425,0.10148663977080909,0.09806849763513908
270.8278981002122,0.4917783885785497,0.2185303608013163,0.016619781466978536,0.14441662313975218,-0.6615056220681522,-0.04145330838424744,0.0001,0.06574860550851364
200.70032805613752,1.0442374151236526,0.20267697516678984,0.003957771062909065,0.08993350565836562,-0.3241008492854534,0.07450928866817327,0.3810667489128198,0.13499127090617064
110.23001385013488,1.963279138975084,0.18437814913888972,0.054636150250518115,0.06962684099823556,-0.5120680379842846,-0.06890205553050692,0.0001,0.1972573890197301
401.1562522988229,0.6441077197543442,0.2278839540576027,0.001654978891229568,0.1884318063348102,-0.3038466863939359,0.01032755760872068,0.14445250311757976,0.09897670996907039
139.52569084040942,1.7675948516168574,0.19007387489967942,0.045633218726988424,0.0768975272274468,-0.3421989639912589,-0.04152588439168836,0.0001,0.18120639297908697
159.29065761994593,0.4433390620272184,0.2761228203530036,0.024575744337780443,0.22809557095850713,-0.5873220506720465,-0.008051493070601216,0.05600407839866808,0.08815562909573416
344.46460789659045,0.9205311687816489,0.24842321220144725,0.04623444817807148,0.2110032128924939,-0.5762850597541342,-0.09964002288323012,0.0001,0.121830207519919
254.35299155575024,0.47457813507422775,0.190048289333032,0.005120836262648848,0.13297918607062587,-0.5783451873822563,0.04079017532461007,0.08437973516175558,0.08053224154553132
445.58581938091606,1.2157097760502988,0.22052705670387407,0.0408783731419478,0.2116672610001623,-0.2683832078245215,-0.04630463773411559,0.0001,0.14845042492604396
240.35762550887927,0.9868329127161297,0.20215878107962654,0.0001,0.29715252193211744,-0.515402625799891,-0.13568164291345455,0.13638878803853988,0.09858382016288486
148.82735069547357,1.4619094899959562,0.15469927381610668,0.0001,0.15784108717171993,0.375630366762581,0.30669663211676357,0.11124864248267108,0.16457643577170777
427.998767600821,1.97752807677199,0.184757809098226,0.06680914675487182,0.15948386224306485,-0.5587431729178731,-0.0006513755909000878,0.0001,0.207419940239151
126.39599964676769,1.4788556881274681,0.24943826463526944,0.042563530608621,0.19470590320955675,-0.20228553663789073,-0.03834268296222457,0.06200622427746894,0.15625312888273235
204.004995020263,1.4222779856900012,0.2007666075264812,0.0001,0.2794519461498583,0.5970502057915623,0.34489098202665286,0.19126788386566593,0.16419862100107882
478.5230140596173,0.6734618293977612,0.29060411926171686,0.0001,0.2650517264299587,-0.3766581861918089,0.12607800645848946,0.12038705269607455,0.10603030472318396
454.75143767268787,0.0714897771491218,0.3437742880749968,0.0009632538377560203,0.237168505233901,-0.8978197138318399,0.005667117191852485,0.036601223346611055,0.04298207350357749
153.1541198112936,1.7745090246580324,0.198964982175646,0.0001,0.28209538036987336,0.16736217293606542,0.07392669454422109,0.22280787743771496,0.16708913241033493
234.68211757081335,1.8522302760254699,0.1885098260105114,0.04553740372458518,0.12203466088276825,-0.4969624645828033,-0.06968384362174228,0.03486602265572752,0.1774607042927915
408.7056419828537,0.0747806315169604,0.39956064225186355,0.006034798786679104,0.12766606152815113,-0.5980657365380864,-0.0038649280081858362,0.05412125664384795,0.05722166685040262
96.046290835858,0.5508199850585567,0.19707117676314334,0.0001,0.1965372839015715,-0.3919855909370484,0.029664177049734588,0.116027927499944,0.10482663927038022
454.7263520955274,1.1498599653541561,0.15968361929174318,0.029222738867309816,0.05275409140540382,-0.999,-0.02178913826532406,0.058992010107683165,0.15340108589577656
295.26663562044087,1.1236797465172368,0.18973232906963028,0.022585961126860322,0.06788848852187188,-0.6171815135083754,-0.12407581381613506,0.0001,0.12998646632669267
435.7094456093808,1.016073183445048,0.16951669996582824,0.03941861597755342,0.10781443556486371,-0.7174559924004454,-0.02125538338527168,0.0001,0.14111177236079223
86.65215139797212,1.3197017166956397,0.18208691403461527,0.03297551963652555,0.11658607299811136,0.1950513414160503,0.09031163560498862,0.0001,0.15586214545413268
170.7868519687679,1.6849857011898122,0.1810305160356727,0.0001,0.23915719538855987,-0.21103777194915116,-0.04348148148052044,0.21701068127147954,0.18614421675552356
112.44306649112731,0.6370035072952467,0.26822408133400233,0.008058035782146799,0.16135172425687214,-0.4081081107860944,0.09429179776401489,0.15750303964164938,0.10753612341828238
208.41763812993474,1.0052728855287778,0.20418074869884698,0.036551406090932895,0.1242090139482205,-0.6710958781692966,-0.08770056743959204,0.042346165163204844,0.13368342689665227
351.02332728350177,1.3045501964233914,0.1790563734742588,0.02335662731412669,0.10334807265470988,-0.34748568459382995,0.09658681854712098,0.0001,0.15481530373016975
114.20255400333275,0.6982034585468251,0.2020571134332216,0.016893851477448436,0.16294256924170122,-0.7099343044748878,-0.0296950868070227,0.0001,0.110938946588251
204.20200973981193,1.8221270831842464,0.1479651827767201,0.028968506244445847,0.15585572082906168,0.6488972606579453,0.28245466126791074,0.12162032800937632,0.1961012695277619
140.41885474305928,0.664301655379062,0.21009361694718387,0.017542812225815597,0.0700179363888148,-0.2953915887061838,0.08869695341806506,0.11494568847620916,0.08841585138896257
406.7681829704611,1.0849272223765818,0.18140165560549878,0.0003496450763460165,0.0828115042138569,-0.23589371617026741,0.07925194431166474,0.3548426493759794,0.12286134634744479
99.77702037176883,1.0129261492548938,0.21441314712007475,0.0001,0.14483339032617135,-0.06570676384942911,0.1314110283237621,0.2079865062142276,0.13127902361889002
59.06019145172672,0.7743026340009561,0.2299774636314582,0.0001,0.37531328801136116,-0.4607066350577056,-0.12723243756956404,0.1595973060311344,0.12347718269463503
128.35675606528423,0.8067987274598041,0.2565986017867257,0.0001,0.2879499695122014,-0.5271878973538796,0.0815235811440007,0.16762919394837233,0.1140964537114823
471.8870015174941,1.818038610298906,0.141920775323087,0.03845531375117964,0.04753067244156129,-0.5056151971192152,-0.041420461656624455,0.0001,0.1823618036496864
383.67354804531203,0.07035755729779755,0.576727975647078,0.003444304735724093,0.1580792777431734,-0.603485441283566,0.06190516197829532,0.09342063929730615,0.061683436065849445
390.8788086812155,1.4777837515627414,0.17773048696149213,0.0001,0.17803512862986393,0.08047588535835735,0.029973639755875855,0.29208085978591486,0.17820421013931512
139.4658012034731,1.4320534224564234,0.22285294471167827,0.04671430768781001,0.24397177560818292,-0.7481520128205088,-0.06231202649401016,0.11229502699772174,0.14442054060621187
64.86416620223613,0.312579971123217,0.404379627069023,0.0001,0.302845615014623,-0.34650649285533286,0.09834569294287748,0.08410519852518569,0.07415544590672836
253.57083197964786,0.6104363417153119,0.18499389538378633,0.021223939764812672,0.05665133504689928,-0.7031108428153376,-0.04141242322332796,0.0001,0.10438500108725747
109.06369944423078,1.0420061083066179,0.1846434834070554,0.005859703206954878,0.12391392822054012,-0.10427311895512348,0.12336922606377773,0.2218525095289169,0.1346402517536437
311.1985392851327,0.5819283922727367,0.27085878515923983,0.016343241760188695,0.2661204207818159,-0.5234689193141472,-0.008548022578398632,0.10176360719695052,0.11790628884549735
86.35258651853493,0.2635666650559216,0.22230252843831796,0.0001,0.12475988311178453,-0.38765362585471735,-0.019531540410093622,0.10787093188717455,0.07808516404659964
409.18554709788015,0.05503133404571771,0.4318803050278807,0.006174622120562966,0.16273338823463399,-0.5540021926811131,-0.01845544551516059,0.025107565269665313,0.02659665161533359
220.28307176956937,1.036225048778843,0.18406007076612754,0.0001,0.14301735656674117,-0.3429892858123412,-0.1015787364716753,0.19213502639697103,0.1402460384998652
448.2087308709873,0.8685053344202569,0.21339419136718496,0.017341159166350886,0.19354302351075184,-0.247871853608694,0.021174411478760015,0.09023299887257573,0.1034860391751427
280.6766687366593,1.791141096171358,0.16436370191036606,0.04273135912335139,0.1348640046911755,-0.7839834306041837,-0.2986445244178112,0.0001,0.18082727934707224
233.4931966822352,0.4362701461231529,0.2832967493432444,0.0241783082375096,0.1538285400594494,-0.5849999257990478,0.0317098371133949,0.027868632519888706,0.10399444696415687
266.9042348985676,0.9705755036792392,0.23347082483784126,0.0001679387898906883,0.30738235869839764,-0.36761259903491433,-0.038766277064018306,0.1556411275743173,0.11827667077232988
69.27010475770126,0.743112465771922,0.2240766679383178,0.0025249760831273565,0.1791046915153629,-0.2061660113023018,0.08478910112495527,0.17136652394351892,0.11888591296479221
127.85619587435669,1.6143403794877684,0.17214816926828594,0.004759269036620521,0.1404667920520393,-0.27183521700776503,-0.09707625859888445,0.2937519698297185,0.17143325852428565
478.4882386878174,0.10268733930693189,0.23248883351794492,0.0001,0.0912710262566864,-0.6278169413207547,-0.055848638024186846,0.07361509339585437,0.07082389601910156
101.44956014026664,0.5803871069063709,0.2249480802746243,0.020359312291691075,0.19455289233095313,-0.6767997407580689,-0.039235506632896204,0.03679460159792339,0.085664249892288
132.23067650248197,0.38489037454708713,0.35359884982304496,0.00021625317768462978,0.2309645718838444,-0.6296509701514287,0.11521085663068252,0.11518171144873786,0.07549921094781153
194.34827865537858,1.7897608366731155,0.13604394717752083,0.049571058479734954,0.09808315235261718,-0.3348475828408999,0.013776060185778495,0.0001,0.19235286808891544
218.7959947840251,0.8352415444040125,0.2230087071115362,0.03236852470848172,0.09335627711391632,-0.45068452090170935,-0.06881021179737326,0.0001,0.11842402760293949
497.86419049756074,0.7319685343511806,0.26121680922097157,0.019647570862071497,0.2368293010595507,-0.6064444573467419,-0.031355595825279574,0.10544032289007492,0.0837807560212191
456.11154387906384,1.6720145982403827,0.2113132737613165,0.05765164801337517,0.11202491142905928,-0.06459958217374276,0.12420818939832233,0.0001,0.18256530213217245
99.98604804654077,0.8812100370389204,0.16107232863319804,0.02839520628274019,0.0884135654577043,-0.537312626333658,-0.04123977979921339,0.0001,0.10056630033899276
438.4970489768217,0.6906075826757595,0.2809218973685975,0.024866411723472374,0.20939512814889838,-0.7400226606178675,0.06661192726066534,0.03651203087309035,0.09912642166967661
162.19812215327048,1.8004026530865176,0.18811958663134337,0.0001,0.2982558258131139,0.2034636135343859,0.08543516642403076,0.2659336893694292,0.19299204574643924
123.48566060457594,0.4926724760420529,0.28182382427519376,0.0075803804573641685,0.2220389043035034,-0.32945865563911453,0.06850582264326673,0.10078607372772144,0.08337115616526608
374.59032482454984,0.15171307631534375,0.5733005555361571,0.009695187628195278,0.23755694253642318,-0.8826780762346255,0.08878656917523109,0.06217852137792599,0.07098871649059685
181.22477342152308,0.7996917164519456,0.14598272907882232,0.0015959065525607613,0.06481988916773833,-0.2769132825249681,-0.014095501344492526,0.18817039516963993,0.11780566667147943
296.3536040553294,1.4824224108645152,0.17076247915532053,0.04711085583438293,0.10313627430785106,-0.2550216594377208,-0.04132637246572504,0.0001,0.15878775337546833
433.6750100414173,1.3756283174429815,0.1820937327232435,0.023062889211547217,0.25567995683203026,-0.4619099410496748,-0.09567419386330887,0.10940664036966839,0.15139594462877212
303.9115530259312,0.13700750223908312,0.3899549906680882,0.00558752479856052,0.21773229666911392,-0.6766639535307004,0.0497524008181143,0.03331086864032825,0.05583462482643925
120.1065010979866,1.2015542976279614,0.15141280976759333,0.0001,0.15944733448161025,-0.2376023968062153,-0.015091200622309503,0.15922920183109954,0.14819362063176456
271.5546434772743,1.9784603903945739,0.2156801246687094,0.0018542364856120278,0.21219892843455931,-0.2712788242125876,-0.08885132981336134,0.3483606091462475,0.19705580373794523
153.07649418907062,1.4063722725029335,0.2238771583481605,0.03248872656439448,0.19618765475599306,-0.45646099313708804,-0.14129221332140632,0.1858517417107909,0.18217685687217175
328.0008254882645,1.4221558139980355,0.21239777785749536,0.0001,0.32517868364831537,-0.40641758206997425,-0.013898949822806199,0.23687970158576238,0.14052370774083986
333.59444042978805,0.7235054020753835,0.2180389057597255,0.0027862789685739503,0.2836582769573718,-0.3240340281309331,0.01023870424318045,0.12089697909824455,0.09734498875082431
406.6480434571609,1.514300507997462,0.1889753778741423,0.02396513652147139,0.08980015256091771,-0.079688668428056,-0.005428887056634352,0.06241425799887457,0.16064480868637293
121.12677520204159,1.237736954749291,0.16950633881943844,0.021637409143406706,0.06960871982065359,0.19515734913156915,0.1493479037098061,0.0001,0.13901459951440845
301.5478893095465,0.410383811978878,0.36062879518144236,0.025424851117909483,0.22419213996910767,-0.7898243115508753,0.09645394638195874,0.0001,0.07170735826125423
347.70409916887627,1.7641588465857436,0.1898914567547417,0.027843310666364078,0.2505964908117487,-0.6101581523614854,-0.05232478566882455,0.1382424953175679,0.17582768077112568
184.09803655946735,0.8964624382801873,0.19917639739613738,0.02942524720966041,0.22093866366910264,-0.40637376189097296,-0.013473895942321226,0.0001,0.1090605703877797
50.98029379517451,1.9844438529418906,0.22150030487985553,0.06106317250845786,0.27816038038506224,-0.39641429628251773,-0.05801229781014144,0.07641526178904971,0.1949829674651548
352.68286945849405,0.5447541749251437,0.22803120409797809,0.007904658681142524,0.1269156672174144,-0.3285476321433226,0.13294795338925483,0.078269613494881,0.08060859579814088
171.1004772343827,0.1635461962677432,0.481189634771538,0.02216878553223155,0.2469034941572381,-0.569290421670905,0.04629701569103665,0.03976059357225691,0.061292263150524044
294.93610658404754,0.448067547645029,0.23191763675290855,0.0001,0.12303805739262186,-0.5469393303171202,0.011386901379820817,0.2122367691098538,0.08747635369861953
76.87953014977332,0.11096078892912353,0.3553555485757803,0.010595467003148586,0.09296914032551984,-0.7101952169959878,-0.06868423242080633,0.02497477964999521,0.06050450904142734
87.17993537755868,1.861140859971127,0.15454982601209463,0.04215130129264736,0.040751370106824565,0.21838205976129998,0.12413467083695286,0.0001,0.2110945082425066
242.44416571396334,1.2939355640038277,0.21310998482656549,0.0001,0.2758361006315049,-0.4441559581462295,0.009595056488237557,0.19356387948784634,0.13589567425717422
71.50827042531685,0.6408770582287964,0.210486834188236,0.029076666529078816,0.08612727016904982,-0.9294450372098317,-0.006046311780026021,0.0001,0.11121268849416581
324.0154315021869,1.6101592891162566,0.17632044151550907,0.05042650844734863,0.19436290342620008,-0.597878069114406,-0.06895187906866707,0.0001,0.17460062929396758
242.43108158626302,0.3552541796389453,0.1784273070100701,0.0026041970358972244,0.0880159350332708,-0.42278156112941795,0.027643720325873568,0.09581465132710835,0.06005988702446688
316.86763153134774,0.38785450930820314,0.29988546275582156,0.012014455588518679,0.14003539778175794,-0.8232873305322511,-0.02456332139435133,0.19497966819717624,0.0878466862229709
249.46046072225764,1.5058359663777412,0.22111147510137508,0.0005852181746457214,0.1776442808872383,-0.6059012698412372,-0.03217639041748228,0.311060077032486,0.162476711662349
173.59500193171465,1.1796177348552632,0.2718210078853214,0.0001,0.2985682759253201,-0.25598234800048164,0.03512535276151623,0.1863848230579286,0.13809634861630096
426.87833584627066,1.1862375780261434,0.22150997144839962,0.0001,0.32712749286535536,-0.492065151155852,-0.19066760763510612,0.17490229607784552,0.14922795828799962
155.3660464108009,0.49297535639600404,0.2735673083608238,0.005747573068502828,0.14919523912539356,-0.45828174362261526,0.13127761984884834,0.08891217432663191,0.09260454342278812
343.3380675017273,1.512661707618023,0.16408353657573818,0.031299377512765104,0.06101421686951355,-0.7938539239846666,-0.12420068427690753,0.0001,0.14606038704149382
228.04634251659138,1.8689480911852676,0.19731588357600593,0.024517488391802837,0.2897415755276471,0.12826441665834867,0.09271699151097784,0.17978026066374345,0.19837172619885712
417.5348059987177,0.9662994831758873,0.19077634406944524,0.02635982333642113,0.035927770439794345,-0.29570801341741487,0.06894779211581754,0.0001,0.11610943550102593
240.49772243497443,0.5028478291801196,0.21060240008629583,0.00117321435305373,0.24281264588887333,-0.5625892842896256,-0.05415760590570469,0.12098957524894896,0.08760108815799207
288.8955969382323,1.1258988887750192,0.16274187557553907,0.0001,0.10961913420943836,-0.4186275767405406,-0.1631707745795313,0.22249530975423848,0.14761139328138467
145.17442853132872,0.3623714976905846,0.2874148165618112,0.016962780791259065,0.048330075009366154,-0.8135857413988535,0.061827492955756506,0.0001,0.06745845977846733
175.86291592301933,0.2731890037815821,0.33054869716504426,0.0002210923031818247,0.11838918037242949,-0.3234620763892524,0.12882670906743546,0.1745464423297735,0.07312900584390558
132.30006497087038,0.6358860771721969,0.24594689586307195,0.02351653477045777,0.12637177772693772,-0.38541070777504743,0.09526035591444522,0.0001,0.10565327906605043
164.81540560437054,1.240450116989642,0.20427481662046082,0.0001,0.3145844094840253,-0.25197895915866114,-0.0474669399498409,0.18183180857494358,0.13800509716928008
288.96298762883464,0.05649881781906601,0.4450913736495168,0.0068208534400590205,0.09496946117094432,-0.7049731984258555,-0.08267926333949767,0.042102578580028194,0.06647579464168353
192.65394534771107,0.3321083958399308,0.28932321414641854,0.020641782631053755,0.19706763124941631,-0.6078173386576431,-0.037426052763440514,0.0001,0.0652928122947167
295.9784766520662,0.07111208430412083,0.46625094892590574,0.0001,0.22078993988044632,-0.5352388667674498,0.030938630436605018,0.058284402084541234,0.05059788497914682
240.10698318982247,0.21889395446924437,0.2114213840173345,0.0038117077489896586,0.11186719970283328,-0.670163108615924,-0.0863967097064806,0.07549876481006491,0.04382294586395414
443.18062063489674,1.9644834166790064,0.21569350151286096,0.04644401962966368,0.1827111717903689,0.1755288250969338,0.15637511160224107,0.029441777218942814,0.18899269819821873
207.82995988470685,0.4035056145574969,0.22901135850236679,0.0033706327837717863,0.2617628004539508,-0.5035641186830592,-0.028722476495859336,0.09089100669768697,0.07977734297242481
461.7730842118746,0.5289243168998263,0.1739627141785198,0.006122266824798101,0.1145355454758249,-0.4883114153202701,-0.008096307117010374,0.08903258387487313,0.08515601317754093
431.08535370091994,0.596016238870232,0.17588626399763968,0.013363354629248592,0.10043009055401673,-0.7233547764823657,-0.05243680597379596,0.0001,0.10242489622232827
94.60164796583422,0.24822003822022526,0.29867498244047597,0.0004870377846313224,0.10682355721904273,-0.3058542900533006,0.11218449183662003,0.0987898686121257,0.07802760589751664
237.920969027223,1.6549648633506076,0.18703287935956164,0.01574407407510789,0.24433312659482972,-0.011748580320997378,0.1599196503489621,0.1418057101540448,0.16883989465763063
72.36121274306498,0.6766627594216398,0.29232028892637313,0.009310246652921532,0.27502918478722616,-0.3744284748784156,0.005213583756037315,0.13985693817247927,0.11921453505690548
89.66527147606614,0.6788565932147541,0.2336211432683449,0.0334139754119359,0.10689855864774245,-0.7385015998020824,-0.08469356213398611,0.0001,0.0957701099054129
229.19877064954358,1.6640339316299042,0.2089941366509855,0.06670161972616942,0.187231034069599,-0.2263237928943715,0.057881967763275984,0.0001,0.20029770057037888
458.1429592545851,0.7802236162719512,0.2349399829518526,0.0001,0.2467732074974322,-0.3811445115677831,-0.0636346453112368,0.1882855372706778,0.11654380238429096
321.6739407542157,0.2907757145419466,0.3178458895723673,0.002519311055778733,0.15753495054084252,-0.6165837821681989,-0.08677184336391575,0.18689499206432147,0.07095493018638156
159.71257739343733,0.9736608176808071,0.20647307634975143,0.0001,0.3097109325000613,-0.48081009688338167,-0.017568258410648244,0.1406792745701616,0.11398987004621006
176.17140893787086,1.2718132755747227,0.21006026473059436,0.019104824687424235,0.29410315125111364,-0.8615449212028128,-0.26351864851079404,0.18245037552696297,0.14249859401954107
175.93553463198288,1.1088313072837108,0.1818970499279709,0.025338668982995697,0.1824038703115714,-0.5779772013688873,-0.050842177429156137,0.03543158615800203,0.12222840818595501
237.0510956220615,1.8751020102755456,0.19169894822206796,0.05596327291227914,0.21481724288609147,-0.4060188538421785,-0.10270104996874851,0.07354166627120348,0.19950199789951234
273.34863943621446,0.770751650948379,0.252423059979353,0.022606299905746367,0.23377481247101772,-0.7811720106715754,0.05322945244455308,0.0919532064690148,0.10699855781109462
416.02716959818275,0.5727634222224854,0.2648781075356726,0.011687597495810456,0.17095041807387296,-0.754223570948873,0.09727942027145327,0.09978481189200487,0.07803337875103314
130.88645388905616,1.490845100728416,0.2338145857205649,0.0001,0.4969452608717515,0.4761750542883267,0.24893498470165865,0.1592530415821389,0.1547085199854928
309.7212756325308,0.10155957089409733,0.32726577130288526,0.004492608374407311,0.20881835398335344,-0.6024219496962949,-0.0366027422192162,0.0492689601721111,0.04550284054695304
391.63861003221314,1.1595563578808774,0.21552832521548085,0.041790146018100334,0.1456788187202721,-0.5588103707226664,-0.09066576993413918,0.04849754677359188,0.14240250266572646
381.5118707063268,0.5605943245121269,0.2334970249243983,0.02270567125787911,0.12964234193758092,-0.6041992590934129,-0.05299612668510904,0.0001,0.09274356109357411
127.127873856493,1.4568427181026842,0.19646645041158503,0.0001,0.27052992602047615,-0.2351424105539271,0.01936698430746965,0.2069142026206856,0.152460183600252
110.94184889696282,0.12343799321725882,0.28632295664340335,0.00728808870617565,0.04845531357423014,-0.6518047676344975,-0.05359770153548451,0.0001,0.06697067624784048
101.80556151008733,0.24915050340068062,0.219337389863195,0.008680047553546979,0.07451573517267647,-0.5715345826679058,-0.05116474966477957,0.0001,0.06013370393837471
51.08336911740674,1.2638467210988091,0.20484785284515114,0.03223782596249715,0.07939986811642209,0.25300989052232964,0.12413801056857866,0.0001,0.14105458046461924
101.45451532011438,1.0893014723317105,0.26729131943288836,0.002128614356325633,0.27602262797273674,-0.3797821553480503,0.10946825331929337,0.22999643142563134,0.13049115069667874
162.47865023974134,1.0634260653097252,0.2153515678011956,0.0001,0.17497035716345039,-0.5026812110592571,-0.05028713909496404,0.27612621000462845,0.12591952643470994
356.754374497285,0.16956768953707335,0.22232509023493346,0.0022543634441039547,0.17733264285561345,-0.765576020283958,-0.048839699093617246,0.047275116939045125,0.05183564173277312
114.28431937038222,1.1851574223788939,0.19540744780830593,0.04255755490491871,0.1926301018416311,-0.3585939139724606,-0.02693603224209136,0.054835167033468975,0.13492188956010454
242.261724896405,0.25811555214159215,0.37837335959863905,0.007270968373383665,0.25146927685307496,-0.6763036412840909,0.022862322296412874,0.09876991067568361,0.06654123157169543
242.99665825718003,1.331893438725326,0.17308856639844708,0.03195303988986542,0.04528332344940661,-0.37525255038830135,0.06888189699303596,0.0001,0.16031702180482518
188.65551527080157,0.22376990624432508,0.33198629090669685,0.0033456565889680026,0.20161770424766037,-0.6856200164615851,0.02828266923063843,0.06904712192264983,0.07442754392566135
280.1304846447406,1.271498438452289,0.2201814226207043,0.04216134562563325,0.15769056910247103,-0.2259748045435725,0.043118982950284594,0.0001,0.14106157302451097
353.4077613843115,0.6782025203061313,0.24829679864507387,0.03181797398572561,0.15962534475788082,-0.4642838318801693,-0.06898786334769588,0.0001,0.10364187256894047
405.39144236458986,1.9546476710366378,0.17681475295511065,0.00323733775299886,0.2920032144940702,-0.4859926577802946,-0.12822980525930303,0.25318850442676955,0.18731649263342748
180.65278950521932,1.7160559207839317,0.20197460977411646,0.03936158773811762,0.08991014420171578,0.2610109014297187,-0.013916635030223667,0.0001,0.18447027585050588
451.2114738539543,0.6627841036609063,0.2841425185665141,0.0001,0.23828278919353701,-0.6131156988405707,0.028543537052847096,0.13956767931311245,0.10722709522459901
232.48732966624698,1.666751306973318,0.21161395858964416,0.0001,0.31835672154418393,-0.4900771307250771,-0.15191595439328487,0.228137948835883,0.16028200445824645
161.46298718709585,0.859694294792375,0.30457464373418897,0.0001,0.33658386750857144,-0.5655558994920408,-0.022521747056749645,0.1833967195217516,0.11441783750505302
277.64522861984324,1.7610310311014845,0.17731431213968316,0.0001,0.25473444893640773,-0.5165511843267611,-0.03986188330950567,0.2617762551110704,0.19457822387566387
476.5647031398409,1.0954641723421785,0.2086560691538006,0.014640968222285477,0.2902022294424506,-0.4253678962292679,0.005213874689859497,0.12939778173938632,0.12058360843225124
301.29344863830164,1.7772473094164203,0.2152188021132684,0.02960530859641354,0.11584613661660255,-0.1550338398840536,0.20687530712611696,0.0001,0.17418922835819714
339.1281438037175,1.818231187345337,0.16314081099990962,0.031490133903396514,0.08113708419016005,0.1929822976706379,-0.009367216022322478,0.0001,0.17979499170552207
425.97918010377526,0.6151969187412704,0.26015552287981225,0.012997401573893157,0.2738232776355675,-0.5686350584027537,-0.010148949284902209,0.09981387466134638,0.10305727965820222
342.0397029144046,0.4061847661268545,0.17683815203485617,0.010663978677463177,0.13757649511995707,-0.7371267890138667,-0.05220390066199234,0.039960674775863195,0.07893808893262688
402.6229993497969,0.09633128455662279,0.396505625910188,0.0014710286559938034,0.23703164558581155,-0.5090641256682285,0.008012303683570948,0.05627269991372328,0.05908436243214075
218.19923563177878,0.27007203212061043,0.279509348908597,0.015678454173431184,0.13575134172101078,-0.7496191481618913,-0.04576392548895899,0.0001,0.0788735335113215
421.75608778201934,1.4081694497521036,0.22895853877453798,0.04533774515217145,0.22798862236187523,-0.2495127344621606,-0.02689602660172736,0.0001,0.13207810590855243
206.67839685293126,0.8005295485881843,0.16768420111549182,0.008492647320478839,0.09737817903166539,-0.5531578548694194,-0.06834671916996723,0.12831580691661498,0.10833735319848499
407.36303792680127,0.35969893314873574,0.23558388799756697,0.0001,0.0926033120719923,-0.562685352496954,-0.1155703320059955,0.187212242922736,0.0785998147236462
238.38844832801976,1.5459296831959366,0.17942960957032586,0.04892994392798292,0.09274171838821368,-0.14294335789795068,-0.013848234749775095,0.0001,0.16549451799067602
270.0847822107604,0.6047495639949557,0.28626949268661733,0.0074729103190581325,0.25814520572526983,-0.43184009437468346,-0.11006122548925629,0.13930289087628575,0.11396309653443552
145.11076376093212,0.9520297656118091,0.17999566767129382,0.027007418141376534,0.032640779080350936,-0.5103100664007549,-0.068970366009308,0.0001,0.10839119407754802
226.29203401264854,0.8006511916551426,0.24472238255498374,0.029310439516972348,0.2014948408539863,-0.4943234892054485,0.07304768115814354,0.07912587636391567,0.11484198645158679
378.73818861309996,1.7880622704157711,0.16899647033338777,0.0001,0.17405235920598494,0.15938198057057176,0.11931268548992871,0.20656863166819336,0.17603836291729213
366.1439033692233,1.893877040036606,0.19142990414976938,0.06259756238756276,0.15713526459026228,0.13807158699986238,0.12402919093132816,0.0001,0.19395125993449128
310.299716988165,0.5938677908781631,0.2735541287010319,0.00101114793088321,0.31220584311137256,-0.38605586164859745,0.029946265750986502,0.1062061558179084,0.08743111650910904
420.0828816855303,1.5628208905234726,0.23704854641496934,0.07061080922016852,0.1684247306201348,-0.12660247097972532,-0.06950159761095649,0.0001,0.1631149410984672
196.98313199705828,0.883284774504044,0.20555164453335512,0.03769087068480004,0.2434538971758999,-0.4891313454446349,0.010967331221522826,0.0001,0.10532211836104713
475.47659194819204,1.2626812566008732,0.16918750674248217,0.03580923053439088,0.17370116957978854,-0.741715671479012,-0.08094935196162312,0.06563210855587992,0.16950930655687546
454.3761341784297,1.253667214587633,0.17258188754168205,0.0011160559508965814,0.07544405654654891,-0.18376411753768626,0.07575076985268216,0.4209369835021249,0.1452168864761862
340.10428771631155,0.9112908367468194,0.23389290343428512,0.012509108038794901,0.14406583511741716,-0.695182196540581,-0.0007013756192432643,0.1654028798893313,0.12001170262940425
358.8165027062165,1.939881109192986,0.16254441022742167,0.052226402115252556,0.11456232446284499,0.01993338892586037,-0.0338707118549988,0.02797723919920968,0.19495535789468824
328.27696474958424,0.7407517629381912,0.24247357626616267,0.00983852231957494,0.2587101674811555,-0.5464573636158803,0.04931748883689034,0.11590916260821307,0.10230658004900454
213.71270118278684,0.47725404849606207,0.1943547424975439,0.0001,0.08867760448442692,-0.5000107991891319,0.07829516060700191,0.0978477588438797,0.0839480171803488
426.03048713146893,0.810494643528818,0.13038413066448298,0.003236880575748134,0.07555328327891192,-0.10867641788091852,0.08970943278602349,0.1485735705043332,0.12891469328162186
303.241880383527,0.0734309431338859,0.4772124550918389,0.003945928930062972,0.18484403530253807,-0.5764859165135638,0.016277544047549674,0.059690852805046206,0.050003551594217516
118.74057747476765,0.8410131278454547,0.15513132968162394,0.008382083654239631,0.09749823761913151,-0.30895235503353913,0.04134468075549169,0.0001,0.1108280086299477
280.27390570478894,1.6088006103091743,0.22907297518086966,0.008845182631997609,0.2082946893142726,0.13609186484525154,0.06114761483176093,0.28820993960319047,0.16673354289899717
405.22891529779866,1.9158055413945119,0.18970504576954272,0.0001,0.4459680519718763,0.38436130913138167,0.24073278320612052,0.18402819328217332,0.18179515279765293
357.2381867182555,1.8358560232747125,0.18132554019944208,0.0606892233635345,0.18401596265548553,-0.9337204922744936,-0.23769601790819916,0.04200410683864681,0.19342660283393326
208.91636527308575,0.06339147651109325,0.3666921982142012,0.0032543095135540373,0.09249262678326513,-0.6414704996556195,0.01774710111974957,0.06964349310832371,0.04449936184148954
459.7122499811246,1.6297637676878762,0.25808254929933877,0.04782049303861207,0.19108588658189163,-0.3341284845998979,0.007866716624386948,0.10057187272443058,0.17204952904931128
179.55410996654467,0.5380696162593743,0.19215706489518922,0.012881715000947593,0.07305216011587691,-0.7772653904284279,0.05970003242945835,0.0001,0.08600437152393559
264.8659257231835,1.810579988811903,0.20722071240671192,0.066709367055959,0.20965695798152903,-0.00891365972578767,0.11331060000932419,0.0001,0.18583156461901326
235.56762615228413,1.887789492537465,0.20970859154812954,0.0001,0.314655069458114,-0.24292438440418376,-0.06178762197819189,0.2469341995642253,0.19646190045452494
163.99395640610481,1.123602913958235,0.2340355379353232,0.0008310839869164803,0.2639316135466244,-0.3008495700076085,0.07150347220097578,0.1989203072120303,0.13208198038615881
169.82360458309114,0.3170929832537531,0.3583020093364228,0.016823254771364645,0.24154447541344087,-0.6025942026566754,0.07410013551856787,0.03941560819714837,0.07124994118648405
126.24105709745933,0.6282040510694908,0.33721870726650993,0.009078822798481948,0.2941604367751349,-0.5023013736039694,0.06517194692233216,0.12189654436729923,0.11206693147470204
169.5378482460391,0.2153756248792582,0.2217299101507044,0.006000394811417129,0.20799532406682464,-0.7786517962235823,-0.03983351371320074,0.05734610887926388,0.0874831689600776
376.23342013577366,0.8634577752874859,0.2192969874209392,0.0001,0.2123002999759541,-0.46499895190241686,-0.023457685722246064,0.18710333216036754,0.12278474062343193
464.1932560056824,0.25168433083860503,0.39759377156612363,0.0001,0.2753915859406082,-0.5453773416477818,0.09715516959651298,0.0639908802772969,0.06631885939408799
394.99529993958794,1.9691650874850701,0.22218959147165823,0.04905198231999261,0.12978089380778166,-0.19393863203897715,0.16323979875421316,0.03642581276673133,0.19502911172615595
486.51575963492985,0.9925917052754609,0.2356322421883147,0.026739900533206195,0.1324477071801164,-0.5428495758813341,0.1396174794686786,0.04183207737617266,0.11638823014814792
147.14616408946625,0.5460895778706675,0.18900056051845404,0.0014971416557801511,0.059892387038103116,-0.2947017354960966,0.05020221207103334,0.16723177982941811,0.10062228191579528
149.53803162606255,0.2151890013260433,0.2880524592428704,0.016120086539337677,0.09449241839349823,-0.7774046768336591,-0.07712797793330341,0.0001,0.05913452379451475
479.156531675491,0.054876624308697664,0.6009596950774476,0.00481201559881033,0.23092946561933184,-0.6996238121006019,-0.017965665989804716,0.08273087605223343,0.0694223776333386
327.03093683360606,1.4747081302767004,0.2033996303685375,0.06286083106807931,0.17924336223739737,-0.2148837290638687,-0.03830141671832652,0.0001,0.1614450082914239
365.947324198432,0.7825010084652391,0.19229504059848224,0.009450062922594357,0.1297226044671151,-0.6196278554376956,0.03474005499712009,0.09572496255662244,0.11727097956807284
371.087270751256,1.257209573714134,0.25546018868750586,0.0001,0.31119441339619475,-0.341358642833068,0.021694831351263415,0.1850389692915172,0.1462577129295023
149.39199209302285,1.5923164821243483,0.18455095424605203,0.047821000483201516,0.15129146796690052,-0.4931652994487934,-0.03940275296518943,0.0001,0.17080388206975547
449.2124738827406,1.3635672668705263,0.2042546911006642,0.0494874204955296,0.2197885704404969,-0.12094359290262932,0.059090711952378555,0.09197094835396862,0.1580699593860811
472.9817122018611,1.42267321642645,0.1784571815074241,0.0001,0.21592813352621779,0.6615781465450886,0.33536814848581764,0.22543162879478915,0.17246509862032397
475.2775575223705,0.8113402324435613,0.2439019410106624,0.02308845507663452,0.1296888418469226,-0.44686086192872365,0.08262087295156989,0.06363660798067372,0.11593869384498037
476.18202252962857,0.26927481286050997,0.3775658430507488,0.018733283842544895,0.2935912572904083,-0.8786403752524955,1.9542000673540583e-05,0.05922384378033465,0.0712434374927071
336.54058874692697,1.4613917384133361,0.2067509889563943,0.0001,0.18726313848069617,-0.12699469097188923,0.07157004077835542,0.2533546772095634,0.16163003360787803
405.94490286006214,1.1950871350879095,0.18994369420098445,0.036837934366954025,0.23886642825518078,-0.5460588385474577,0.04287242081481163,0.040643760254680965,0.13261909405117442
458.8944477314007,0.29259342997436294,0.31393722552485626,0.013967212042791357,0.25645559136433,-0.7992614350823619,-0.11607704053995466,0.09941872992960117,0.06835285458647516
279.7313445621818,1.2926097160120016,0.21364046237974152,0.031899208783642774,0.1795623093662612,-0.09209140670156646,0.08085363801507868,0.0001,0.13743479005713594
177.36037886350016,1.0006030482316326,0.2367023193781957,0.0001,0.296217168934806,-0.3446490248198667,-0.08340021251554597,0.23527018339131536,0.13024227218161094
135.31659321551217,1.6858359868672945,0.14947950688872874,0.03344692757379566,0.1556647686258219,0.7494501792696852,0.2898803184289192,0.0001,0.17814250630296535
351.3401961777211,0.14485279861604974,0.38155389144828233,0.010815310738289884,0.19730528580144993,-0.7890548533308768,-0.045547422930318396,0.07277527674786355,0.07630305480752012
159.57114086212417,1.8452215189787313,0.2382694279318319,0.0876453191545218,0.17190002646526228,-0.856187346373449,-0.10015333785898364,0.04228093845944407,0.18115146763282192
93.0476280865591,1.4240018884883618,0.1610497276088343,0.03401196837980689,0.05029092830440945,-0.535038978026143,-0.041508516987368356,0.0001,0.1600309253970886
271.3523615574786,0.7437166112782146,0.20267416264447563,0.02755083681668881,0.11422644145678269,-0.6755626210886518,-0.038224748608078535,0.016346643661547644,0.10968484102685724
453.3634028435121,1.1323602940467297,0.21385280571961274,0.004183820413884962,0.21706474374938084,-0.3071973603804221,0.06435403306159729,0.1594294468903428,0.13078489697156187
349.6171302067402,1.8212267717001518,0.19763804481074912,0.07525104939351858,0.1613141562406977,-0.2903144616203319,-0.040418188167032625,0.0001,0.18689358384131532
106.24853741296482,0.23393249235753583,0.2527519656636698,0.0014132748142823416,0.19891823706680598,-0.8242737164891913,-0.022932416727202524,0.07204452591745862,0.06451556377346702
368.43419238522154,1.2052627695952167,0.24096047792099626,0.0001,0.30059877173944544,-0.5107219640045816,-0.020045738884473557,0.18259968794368892,0.12274452288826403
365.33071372076387,1.4414001949793085,0.21254972140828604,0.0001,0.25373283777422084,-0.011915677276205147,0.08374501809572317,0.21683370045567923,0.1570255601381709
361.5029274672426,1.9932384637205371,0.2013675979435089,0.007459168683484086,0.23700084402767263,-0.311640884097156,-0.11156770718914352,0.266379759156964,0.18501989449418535
170.71567680979246,0.1641015893034436,0.230409555267639,0.0018311798693130116,0.06848116800978947,-0.6793169740264662,-0.05683128819598962,0.1031731154946953,0.03781099785560548
254.99379757215783,1.9898704692670501,0.20086387650508,0.038454440794507126,0.12240584797399091,-0.11492102766423375,-0.013792967439217053,0.0001,0.1921826399664812
210.4817411150919,0.2535365507229008,0.28435905861465505,0.0001,0.08625154139903722,-0.34816226166461406,0.09270852384485065,0.1879991577448239,0.07656126268593401
451.65236384615514,0.9695090896887849,0.23557415909586812,0.0001,0.24522796006063943,-0.2784298988347156,0.006625473298611542,0.16851222336075042,0.14238675291350555
270.39674314986485,1.1322172435152402,0.13296470418294368,0.027867706959418405,0.06522715133295258,-0.9501238671489525,-0.05081235111675401,0.039832676603755224,0.12604999887833362
352.12785464378754,1.2561839650435462,0.1564501366749696,0.014701858709099323,0.1780420686513919,-0.6610752030458931,-0.07598332408264785,0.05910381526315671,0.1515943036682341
86.94421082017924,0.9793661676203456,0.18302886216033037,0.0007960442162931686,0.210535458353559,-0.32333778537809627,0.013725730622353034,0.16656185240252155,0.11007652963255238
342.9309530950243,1.4244295358719254,0.25269230053514496,0.014287167230232467,0.36665697092204924,-0.5880996891849376,-0.1595795421705273,0.24062166912514166,0.16624936065281418
104.2358039781966,1.7374759982541697,0.15405857826058164,0.04633251906220289,0.03492893299334068,-0.7653610933423629,0.035508873058782524,0.0001,0.18084949624064847
311.6081436500437,1.2998103052653536,0.19250319165343266,0.02984919191927872,0.1343369627330889,-0.3607169196020219,-0.08571941096188744,0.03786648459606328,0.14122852083135512
462.99362768192907,1.9869540050245589,0.20370361540606197,0.05661866478233131,0.14654172538322655,-0.32201993497932024,0.06904129970044631,0.0001,0.20076617098461683
163.37080165471355,1.5960210105107195,0.18333832948206466,0.04906192868635531,0.13678583289528293,-0.5056246162687031,0.04772139444422836,0.0001,0.16879249256070786
432.5279995953247,1.7853335809677338,0.1554282399457561,0.032696811248442245,0.07093359266601429,-0.65994936234235,-0.03511760074850446,0.0001,0.1808935686129891
147.55266274948974,0.6126108999352782,0.24216498282231255,0.025742015927903296,0.08145489224488556,-0.639356422558055,-0.05808112527274578,0.0001,0.09869262562791029
296.0220996934898,0.499494550861851,0.2991614740601615,0.024912881789326533,0.15694785632883215,-0.6187819649119768,-0.01732515435170717,0.0001,0.0852626605155525
474.4014567150883,0.963348075975187,0.2345161917560243,0.0001,0.2824954640841462,-0.4280439681175464,-0.082235422824636,0.16977258166146933,0.1328785323250408
486.4436100447806,1.0227813311245675,0.1721904103351169,0.013459353222756296,0.188715442101381,-0.5504131031753315,-0.10085170259260405,0.09450907084540916,0.1283896834726814
263.9815194205947,0.4885284837273966,0.2206468489657535,0.011882382592687986,0.14655909324752334,-0.48679095300334047,-0.0350022402221173,0.04783650078360831,0.07691259216269747
236.29188669901782,0.5693931330080455,0.29466124774537455,0.0001,0.230585006113719,-0.453691305022549,0.1319171522924599,0.12050468146711754,0.09256747098453903
175.64026448616602,1.5003262478880834,0.215386341252932,0.0001,0.1858412924980336,-0.5274820961190728,-0.10599697876995752,0.33235993587578394,0.16581721925306073
81.23287700759512,1.4832118169800677,0.2119681694735643,0.0001,0.21684282801860577,0.028525154930875225,0.19909286359354325,0.20773977252123468,0.1577451713924963
392.5947662742246,1.508329538677108,0.19188461235915993,0.049040184373321805,0.24740536847401676,-0.2687041399729778,-0.04140546092106317,0.0001,0.1721681430022752
343.94312474317127,0.8169397132996897,0.12373276439918113,0.010409900986579694,0.059168956707358236,-0.44977343321520846,0.013592148075199664,0.026727192304329333,0.106824633057949
403.2394328965473,1.7374365284144553,0.1953794620636312,0.0001,0.3135653103896303,-0.577830171305953,-0.12886896367613138,0.2689381252971366,0.17463841201109873
347.37623595258424,0.672783924953753,0.21980065768618254,0.020583585761594875,0.1597328193055509,-0.6478834040973845,-0.006953797662038998,0.08259154464689347,0.11368207792571017
93.08684303426239,1.653668932639225,0.14582540722240833,0.036779938306156536,0.06745638369552784,-0.38351128553116465,0.0058597559793474845,0.0001,0.17169950377013818
242.602508260801,1.3217395468092863,0.2181518135879043,0.012069264406113524,0.23883977855115862,-0.5621743188937878,-0.11355907188722505,0.18178479408153136,0.1490287385646705
323.622299671683,0.5200912952832426,0.25268581783483285,0.006978263682627831,0.2117524531249094,-0.6650726118963451,-0.03323772442171287,0.10710356136468058,0.08923000821710264
224.78867180266394,1.5348920923004064,0.21218520085793713,0.011781656358103656,0.30918009244355854,-0.33119550800503134,-0.08371963836633482,0.19484007594296857,0.17553618562275625
308.08856225744495,0.6423288495915407,0.28818522180338474,0.03382562615323449,0.22825711704126542,-0.7222486154530195,-0.03987936771299857,0.027971792031038493,0.08973261828347373
210.43162351008533,0.8514963725010114,0.21583041849717147,0.01957189481078837,0.24533965852656708,-0.5630263819325003,0.05095136637993392,0.045435403649961445,0.10049401559912402
485.37275792894513,0.530570015986363,0.22517703758347643,0.000645087560947286,0.14245618273293026,-0.3367524306462843,-0.05862778031819665,0.13773706801450894,0.09832140684662358
214.08356320970628,1.662316715361884,0.21091844157216963,0.0001,0.25679894647220974,0.3703002940127681,0.28851904100062187,0.19377944352143295,0.15454782976224768
299.9915932825334,0.12051351402376229,0.551373129261096,0.005661037639751753,0.28834776210854357,-0.6888766578345303,0.07396446979736336,0.04350257110482858,0.0534153459549038
157.45547994873422,1.9331246267024766,0.20713051522250564,0.057363792032400766,0.15299498669436185,0.24523106829656,0.20699282608233271,0.0001,0.21076580977195508
250.8399859599134,1.5664742648896102,0.23723759881855475,0.0009764748785146721,0.36380049527679614,-0.8291829613265845,-0.261617446157873,0.311937201143911,0.16601014022165878
483.38826196871514,1.5457995308356787,0.20704432379349696,0.0001,0.2326292325011861,-0.23587964073572446,0.08774325143063312,0.26385283529845155,0.16330650778759928
403.95476507440287,1.4615009354955377,0.1913149752493335,0.038092907250088785,0.2510911131624184,-0.4135626242592815,0.023859888732588087,0.08068442542931924,0.14806013145199143
131.29886654540502,1.819617969647514,0.20138248408460407,0.03954030255060194,0.23140706696705163,-0.7680089716560903,-0.14297322486116584,0.2391071100709804,0.20165693060579218
242.97497972546807,1.3450479437999359,0.1358978863059822,0.026046942983243754,0.08843912130276688,-0.11542040280800059,0.018089925870200217,0.0001,0.131462615058455
73.16916281163529,1.5511825678383642,0.18700191983022446,0.03694479783298371,0.06273745878957208,-0.043063909463615796,0.18017049273319327,0.08705270447865243,0.18250531214252777
54.94125109607363,1.0438276921698986,0.20969881890994838,0.0001,0.29678921137619657,-0.3751429593831667,-0.013306644827414026,0.15192489655209876,0.12164396108158808
178.3251156452996,1.6538421307829363,0.19061475861987603,0.052998114415158844,0.030212135467803075,-0.8085304006671888,0.06268678302440539,0.0001,0.18298322574219641
324.43859749098715,0.7658088877355488,0.23088879045203156,0.026755534493439988,0.27433593262652867,-0.660987234397103,-0.08166405665867939,0.10904646005116184,0.11312379377696598
334.85027636873923,0.9451128152996592,0.17392057818487786,0.025113847291126416,0.0506001563375265,-0.999,-0.05025578361620462,0.06400764382945696,0.1445611992546718
181.68906257559158,1.4687429147552704,0.20936203397474143,0.06389184730650158,0.16205154988400614,-0.6346826114131068,-0.08226472210637203,0.0001,0.1602060619188354
224.7462681015249,0.9037660834031315,0.20557013847757036,0.011297474734665025,0.18005705692659135,-0.40834852630724244,0.038512454508420564,0.10015194745550256,0.12096138722552258
316.2982421663316,0.7347503409513948,0.22090277129268068,0.030270821061927734,0.23997800364089017,-0.46709615053955655,0.026592954042485774,0.0001,0.10958741935418892
119.93416588299272,1.1195792954661987,0.20179011774004244,0.0001,0.1839158100507467,-0.6136994323675636,-0.15039885357924576,0.2918591871074864,0.13197510202070237
148.2439032535698,0.5834569559332451,0.1509299867468942,0.003073830117338205,0.11833995204088207,-0.43130574263658206,-0.02122085513010548,0.10295246621614668,0.08812288691706134
385.06711481120465,1.0163938708973643,0.23534302696946352,0.01841100561427813,0.24916177236596426,-0.35385844380946296,-0.03957030759054883,0.11785959225107906,0.13506539849919447
409.7010490063276,1.353456184830718,0.18305018761566103,0.0001,0.1658386406515585,-0.5004986842814491,-0.10476683692385547,0.3072712499914044,0.13464573970015403
240.09526268349114,1.949544923542518,0.15205920060426736,0.0361144730579189,0.1195249051316709,0.0051309808040823765,0.15167233340514125,0.0001,0.17812885439763165
338.7669793059662,1.169482170567503,0.22018328779542695,0.0001,0.30102236552016015,-0.11023904005754726,0.07373568298760268,0.1950061584480739,0.14528928237633246
319.0229190227674,1.9331273145524897,0.1758993439506755,0.043756693981246354,0.16559365353131617,-0.037757869489078236,-0.0689876521567736,0.0001,0.19503655770846234
311.56270481412236,0.23635055620916084,0.39708132805169527,0.0009922299038094455,0.17122794749149098,-0.3094825172444405,0.10338266960401653,0.13540700247198428,0.05010291934960877
410.37294306940595,1.2042995701946633,0.14282183204857943,0.025702144426973658,0.06698487250217809,-0.8253708396505206,-0.15171579457746207,0.0001,0.13044714835172289
273.3424895010106,1.990903364254744,0.22800498380032516,0.0001,0.3489472395187581,0.39366501308835977,0.21646879479758208,0.24700889103098905,0.21195834692361276
248.84625116335195,1.3123183019365638,0.16879892800210988,0.0001,0.31892516453392006,-0.8546364424811707,-0.3222675239132941,0.253832064413607,0.13514462189546983
464.0112789794138,1.679849008014068,0.16248598360257066,0.03915958868129852,0.16635425862739367,-0.38133519216339695,-0.0689678369792292,0.0001,0.1744115914891025
215.6407417967251,0.2926679191420983,0.21170706619337068,0.0001,0.09290473906885457,-0.37020029541167715,0.07673287679080328,0.11602387559444102,0.07054316163061763
445.63355710305314,1.5772238031471157,0.226500343490369,0.0015801862181316635,0.3162660214472327,-0.0077314788568096735,-0.041930693088341665,0.22178916053247827,0.16165585812876265
292.42017374310063,1.2813778949615373,0.22436653239877635,0.032803586176000266,0.14865787371568914,-0.15531501626278071,-0.04148151332044265,0.09265984995013234,0.13385397538356425
211.58878801421878,1.6656379663501202,0.2130620352447734,0.05770263644762269,0.20428384940579877,-0.019366027443978997,-0.013794326197653476,0.0001,0.18285241879069555
412.85805767177294,0.06713264838827929,0.5345387088992907,0.012233570656851623,0.14464517639204788,-0.7850800987694648,-0.026524710543588414,0.06336994947885237,0.06382331339934512
224.55720137354476,0.18908896520571516,0.31703402902218447,0.0010219051174959115,0.14362103054004846,-0.30165041072757975,0.07173674562159012,0.10211071619274639,0.0891040034137313
332.05627893261436,0.37502980649163087,0.22205432463063982,0.0028738295389003046,0.12265110913267642,-0.4703425795112027,-0.019788912527305514,0.13144930583599268,0.09484372923419436
96.33249802191463,0.5713067668934065,0.25623353413034844,0.02296930506102786,0.1829945331459585,-0.6339152479416643,0.041457252772384226,0.0001,0.10059077035809046
258.2634816379683,0.5192150682991564,0.1982853932684636,0.012555695932926797,0.07827169766474143,-0.8363661599697012,0.04955426124077437,0.052768193566624454,0.10316078025614407
347.09700739850575,0.3161690412738155,0.26024404834186404,0.004645709923897502,0.24699115808158453,-0.6353622060358652,-0.08363979325852866,0.09537054541777232,0.06787999077442063
495.8267412787557,0.5469121365219358,0.25617758046733347,0.021082413456888143,0.16691694000573515,-0.3338685223981249,0.1076906976452538,0.013474784726360914,0.11113742416936939
280.5755216470018,1.4941139146242088,0.18722006536240138,0.04925621123586408,0.1649879130232677,-0.13859006965612836,0.09339450222246551,0.0001,0.16376140523951307
98.2371093643979,1.2937074736355685,0.11292530905106007,0.018294194709809843,0.07264524608372094,-0.4546583934136606,-0.002992025371924251,0.0001,0.1304660635662998
490.8362613240703,0.16869131334515175,0.32431302251505106,0.010562836636090542,0.16445499763935634,-0.6902799428501417,-0.09755200962979267,0.04128465571315603,0.06383608540004719
422.0961476934239,0.6580054934649415,0.224369493020606,0.022893684903859114,0.06636286621478281,-0.543202824338625,0.0413330334233875,0.0001,0.1256040585668633
245.57424615741851,1.7266791578078053,0.21078738600006935,0.06441946163879347,0.1829273928980191,-0.30428758111300525,0.06878555332329736,0.0001,0.1859517789320765
472.617528840029,1.1036425475526948,0.24173978317010802,0.04507988117718195,0.23089596596709308,-0.7220394423964837,-0.08532406126007304,0.0726387281197646,0.12435052724567822
312.11071312140416,0.29864602776787535,0.285560849150803,0.009346528795615382,0.1404295104514051,-0.6059994523780272,0.04350550231548213,0.07872324619529023,0.06506814672563864
96.5117992019085,0.7097975863664848,0.22474582186389241,0.01609404832716542,0.23123555512133157,-0.5460115157259872,0.020943435616902588,0.08884043692632106,0.09418650750379073
412.68563469455705,1.910574034792546,0.1523106772683261,0.0001,0.15796662035137551,-0.2568217394752582,0.021601441967272598,0.3502003255172437,0.18763612496734547
425.82574533849197,1.2502525226380266,0.19022352278386398,0.030736901340167676,0.046466799231956395,0.5192070451929255,0.15150887373976085,0.0001,0.14437219324598974
138.2438489554139,1.2740319968085896,0.1918719207750518,0.03838144771408544,0.15714111023001975,-0.38355591930772237,-0.041899320628770165,0.0001,0.13861491620769795
338.7293124991653,1.4755470591214994,0.1922123547648531,0.022257993907455954,0.22942459813494837,-0.16393876308232974,0.07889639484014842,0.1671385925555465,0.16326293773586115
88.7661905354311,1.4893561229726413,0.2142855956575752,0.0001,0.23584096244049066,-0.3152985364778392,0.11634987152371887,0.23267173794343846,0.16757589001915044
281.0164187201623,0.148008880705465,0.2783619611249715,0.0035758213185238547,0.25020807522398675,-0.7929054708065288,-0.038516318669141375,0.045649510795826555,0.053060462069856096
494.8339781257249,1.2753636977663685,0.21835795184205326,0.05237193813895428,0.23998274239345893,-0.7867521602049763,-0.04578312057638454,0.0816323290709362,0.1514109124729902
181.40543101187907,1.5776071552378343,0.20044077063648488,0.046946405591158896,0.04840071245526519,-0.999,-0.15186497242647398,0.0001,0.1733705329440451
151.5142245823372,1.4682496732052033,0.1707697724976131,0.05274890155168885,0.17009463793446838,-0.3663423296474745,0.013994881378688203,0.0001,0.14917493341197186
438.90425636293133,1.4158786165484125,0.23161576881562876,0.06520258526538229,0.20593482858528497,-0.5447615084909564,-0.11673601072642292,0.0001,0.17971222138813608
391.7028322507557,0.8209193697320215,0.1400624736820078,0.017340241993750505,0.06936734389080405,-0.999,-0.022536656843390204,0.022690730150915942,0.09314377185001266
104.99964289762168,0.4787284354261551,0.21877672813470683,0.01046587482191969,0.1417648155706195,-0.6915652989621035,-0.08200338637861561,0.05541036359436393,0.0705986446298817
291.0137073030663,1.6831935229056565,0.17188922036203486,0.0001,0.23963038785215582,-0.24935203628319766,-0.028875685447687528,0.24261228623242082,0.18736661200890475
464.6064739501829,0.9002242837671073,0.18970706237061755,0.0274748416226243,0.038888425729090834,-0.6343285422164184,-0.09660415114980286,0.0001,0.1219417815683899
146.56121554759866,1.7121899205908804,0.20549427453467264,0.04427816553841756,0.3300740763040615,-0.7413382434643505,-0.20678769239138647,0.0001,0.18409991098194536
458.26764945114417,1.1748647956938727,0.16244353107595533,0.019887754938690296,0.08081577324404737,-0.08056730038764982,0.12408038636055034,0.0001,0.14480472837434313
240.4081086680674,0.26285729847023354,0.23750510400434185,0.01391204507196975,0.08661812247163793,-0.8031477167074421,0.008740447563360485,0.010951160910790726,0.07932690059820158
199.36991675520727,1.2512024692008734,0.18047964159281937,0.0006578192085961021,0.1104880761864246,-0.27474041248644865,0.12610142930400073,0.269953378742994,0.1549963095808752
71.86582507326406,1.5127011241141748,0.20811741902487924,0.019363481336824022,0.29230434314753073,-0.5344162987471563,0.01438883617382035,0.13817582851321614,0.15985048185423387
453.9376663454495,0.4395480651839764,0.23043314343381152,0.011486708880061695,0.203491895537312,-0.546291782340721,-0.01701079989640654,0.07465272068654803,0.07841823472436385
266.71162376690927,0.6523990312346165,0.11764888068299398,0.001636070030460192,0.07085268475638082,0.14845689194749087,0.17075117609505888,0.07835006673126711,0.10040627241746829
112.04689595030834,0.29067462901738594,0.2023274301750405,0.008335936620990953,0.0856982158930687,-0.793028095533525,-0.17879209189584402,0.08591036548130616,0.06794411429940446
297.500346893009,0.35763449264489405,0.18086656101231083,0.011089504610238159,0.14328165753285627,-0.6795358088769226,-0.0355851841213406,0.043840756785393044,0.07784753042673087
411.6053513051642,1.8183048908966468,0.21577012564168468,0.026326182919152844,0.2966858483548971,0.09277635125587524,0.04589897458193235,0.19251968243228826,0.18000695770430364
56.74653652836981,1.527396558361621,0.2603419930719062,0.052361925562527036,0.23541722155010816,-0.48771926794744314,-0.12407709831073183,0.06777726244128877,0.15625435346943956
274.56814846904956,0.6311767253214863,0.20658126380672773,0.007798642846847663,0.08571582401692542,-0.684084181815394,0.031793394501965,0.141738000730692,0.08153761477159788
471.3976147644063,1.3878481313282545,0.2041405063901183,0.0001,0.24743617592446498,-0.4264496511815612,-0.0842092041239646,0.21604205643794688,0.14870407191769144
227.91053917154932,1.9816213770192774,0.2250361733681989,0.001320677682538047,0.16975275446858504,-0.4274697466488663,0.05344047810029938,0.4170207835587287,0.20323404487444655
344.23283073409436,0.47841388499231685,0.2608559667861856,0.01589906123980209,0.15831848858250386,-0.5784925173250325,0.09586720935399302,0.012505025338784212,0.08044892261746305
156.97763105308917,0.18143835493502813,0.29342951477345963,0.0105386931492754,0.09717614312116137,-0.621928449765596,-0.015529145624368697,0.060009961466106966,0.06250211213872545
439.51369531733195,1.1094857925214705,0.1958587499710293,0.03107330819370161,0.10616350914657292,-0.2502107608246747,-0.09131684628553739,0.0001,0.1469367430666083
283.67331305301457,1.6360047198962815,0.17513427276667692,0.04205624623171176,0.18910825170526005,-0.21906968334266733,0.08867367599764049,0.10614671977641775,0.1651744108975695
299.19298811462136,0.33484371006340347,0.2986827844123356,0.025111645014579916,0.16741794623293696,-0.6768378118723777,-0.05439620251716982,0.027525664823818068,0.08704037989902452
118.97605702591997,0.06914613326264604,0.30567603421002365,0.0012226605171491189,0.05635740632216851,-0.6956405378831833,-0.03126718974720764,0.09585286354346843,0.07540869463151349
203.19893262860757,0.20398067816670507,0.3041884305528511,0.0001,0.17047851172465647,-0.640195664947823,-0.024325870059908574,0.11610834180829886,0.07009410400278986
147.30017207092095,0.8210628007515071,0.2700671012984791,0.04960001978303704,0.21980415517706275,-0.6762796083801481,-0.054220931943384156,0.0001,0.12128425252344548
65.81321128769237,1.0329097887457666,0.18062192690494167,0.0001,0.091676473015965,-0.4584097861594031,-0.1400070876877492,0.37069186819573346,0.13146651968708709
119.80347941807075,1.939493479882832,0.2161338945584747,0.0781315701305849,0.2048534514227466,-0.6813375582257023,-0.04157751503253457,0.0001,0.20543446697597317
335.7260866255339,0.6839981286086189,0.22236148953836746,0.0001,0.29668819233754035,-0.4377662616288108,0.0047306546928126796,0.13441122659484495,0.09316293399058083
140.88474316596643,0.7329910740589736,0.1866720987740137,0.01845574307723652,0.08861711962375927,-0.5948198091922103,0.0638687145090226,0.0001,0.09176322645105213
187.02574890800742,0.5356362540057265,0.228209789027273,0.020095148169342016,0.16391150110946387,-0.5279095056782321,0.006852765701037846,0.025263187938875598,0.07055890988438676
309.22777560227496,1.8230555445253211,0.15911270719073511,0.043583170285421136,0.06477053614078944,-0.5348204344460522,-0.012663031206376144,0.0001,0.1906198922780076
378.2329691262128,0.928048068711999,0.20789203311534085,0.02868911473353982,0.23380323397058245,-0.6294021124653555,-0.07716514964817006,0.05980897599692851,0.11886339870598986
360.7334528350636,1.6980373251983332,0.1893119615944941,0.054699612333193724,0.19232425141802648,-0.40983397642465724,-0.06899946384691605,0.0001,0.1703485039390884
154.31963806944998,0.5740957080745941,0.342548785713373,0.00503589940419382,0.25934210142538994,-0.2807489184843441,0.166906581963704,0.10657309651223328,0.08988871273056774
83.57011184649137,1.3668351466739808,0.25082736011631424,0.04145237578628376,0.2073110680161478,-0.14022258001094054,0.09654220520761726,0.0001,0.16620075701921616
466.0025548333938,1.5605968111471047,0.2364048060781436,0.06162951398111954,0.15562760236733533,-0.6759830339819705,0.05543427044853639,0.016942033114945222,0.17621911860869524
444.9622140647839,0.052769373356376874,0.6522067705920809,0.0037041847916770843,0.21509829640970887,-0.5819613610175716,0.05230820545030001,0.05891220085125089,0.05982880645648715
203.82452363603483,0.6795484985068738,0.19563535159481082,0.0001,0.2066623753725186,-0.45615011664256344,-0.023758949466220588,0.1634272423320006,0.10554564920398363
421.2798010834537,0.3578333332172007,0.22225245199456087,0.008880330244429462,0.1702211069759805,-0.7373496262231612,-0.01714268148591298,0.05289028152544717,0.07194706687538958
79.24974144491938,1.7813856384196323,0.22393651042459362,0.0001,0.32889463864463664,-0.05616799634446642,-0.060969395653052844,0.2490061865770682,0.17091151535174148
58.78394034804556,0.8071784304596011,0.15650265345674344,0.022618313008964604,0.06074830332472789,-0.9430158583366085,-0.007038167868379721,0.0001,0.10616522498137922
239.5544886500676,0.5142651676187835,0.2582518054277054,0.0001,0.31163328296515147,-0.39612450939516464,0.06815387331210239,0.10206172576434458,0.09704004055327317
241.51419852006782,0.8686012985010351,0.19938965066119718,0.02056492077140058,0.06532628206166909,-0.587954024846964,-0.013813258068885724,0.0001,0.11046604017618998
287.3336516850732,1.1822621640377384,0.18195137719499355,0.033051265164370645,0.09270191127726427,0.0917660256664387,0.17927370214044203,0.0001,0.14732615157096446
292.1435027648232,1.8282814469984037,0.23955972134124198,0.08539443616736289,0.19788740562851914,0.3687275766555593,0.2149788682090129,0.0001,0.19245292554603055
325.40610685593356,0.19318601447254352,0.23719270538625337,0.004085060719595416,0.09358943536948734,-0.6366701664389296,-0.01822568258548625,0.08319164185656178,0.0519933851615732
468.1786358611343,1.7698291916731037,0.18082348532662035,0.0001,0.1710487491180599,-0.18091957233029934,0.046881135600228545,0.29107398626313563,0.18690694943421168
302.5456595676856,0.36669207320955693,0.2753092775369013,0.02073437976093086,0.11302275034049816,-0.601737416871867,0.008740515822680255,0.04908959370773436,0.07391905087203648
252.8091896953884,0.1779333239014238,0.26363877779527833,0.012988086668222348,0.056299960792027565,-0.5329736530168996,0.004036510856916065,0.0001,0.07595012285762047
486.62296500803626,0.9978108559185135,0.20889724867124157,0.007641108027772705,0.2617166461963491,-0.4536685246581559,-0.07794241573453549,0.14883492382230545,0.12032422695616453
168.71923578977976,1.8153131545033312,0.15799948570957753,0.03280971937407179,0.13374542423187438,0.5739103706562398,0.17612215063556458,0.0001,0.18380202288804492
74.77433804307685,1.230983057311817,0.2165783566116345,0.0001,0.29543505905582523,-0.16205375143708692,0.1418953301604403,0.1508793077138365,0.12679644028277792
288.3435809393503,1.9831699817556079,0.15461378517980373,0.03174662257897523,0.3158427483800421,0.11470213883106038,0.11228314931222062,0.08840862974890328,0.1963083047482899
87.16277733805723,0.5618668089500268,0.19600073089343228,0.0001,0.12730427233098685,-0.35798672966832906,0.015200787210330545,0.18634574003836457,0.10518318444093579
219.07595823867678,0.20369281741063694,0.3267939527124916,0.016083524223456477,0.06275935239932089,-0.5818140197394552,0.07463205763816863,0.040895048414917756,0.08505734966189514
452.31472961767975,1.3876026708549245,0.19434796913105604,0.03102741968938993,0.13392862728004165,-0.6168250427605214,-0.15251934970994546,0.0001,0.15407779121656945
446.30994285432564,1.9842508736849376,0.18245468763680253,0.05789652913018701,0.19826303498691128,-0.29387149739488516,-0.06900008273986376,0.0001,0.19704486504898988
465.54197034844645,0.08054911522068657,0.3525893804146329,0.004733542342696249,0.17609297372351568,-0.6646647417622478,-0.029802575450490754,0.039964648393692036,0.058250078441702234
240.75028928460262,0.07869703043062842,0.7543712015565697,0.018363478410276423,0.20320047670340274,-0.6408526580072833,0.09093196313983586,0.03333121423149197,0.06371794175996728
317.54016846772043,0.843635407196497,0.21612207527847369,0.0016396869283906571,0.27059665503781005,-0.3056281346581045,0.08916959357075403,0.12638781508724603,0.11473194013633536
234.518255856983,0.07468435012910078,0.37083254168154184,0.006866331274247137,0.0643787960041201,-0.5604625868031966,-0.0633464402411502,0.04948013574455969,0.05558044907630704
91.52738807159952,0.9321010446640392,0.17781127113295825,0.027900367258887882,0.07704695024546589,-0.7850852836330948,-0.23446707718360335,0.0001,0.11210042928696293
218.70284788219715,0.19774184941140432,0.2665733491287476,0.0009730510496238996,0.28898949099393956,-0.6619567562665977,-0.059407170682904645,0.074671581761489,0.06247326233115996
59.10517920753806,0.2200984605604308,0.2952995806146035,0.0172634210644319,0.06150639475461756,-0.43863091954167166,0.02881200566857538,0.0627221737515537,0.06271831634263418
427.7152537258334,1.5701017712039798,0.2145007076147824,0.0001,0.37787408159769864,-0.5583661566215021,-0.21387766749784667,0.19644742824197917,0.1532973909464329
497.6683035727742,0.5411698563326451,0.2675598911539472,0.022536095739414917,0.17308140562465982,-0.6176735068919514,-0.055222048858276994,0.06495146271935169,0.07645041577436767
285.7517529423476,0.13644422785938706,0.46688380836976107,0.019193123308349356,0.09875753186951108,-0.6718329244263065,0.07770088070539515,0.0001,0.06412205514711328
50.06394812863267,1.7054136083362357,0.22177606011844248,0.06971220817363359,0.10694304462789729,0.1320946879687773,0.0414040364704858,0.0001,0.1793954578942185
229.48297475908157,0.9547478605706308,0.19284263504814017,0.023340371354936957,0.09914542063330307,-0.3942543907128609,-0.01852551784520663,0.0001,0.1320422679606753
197.40510757365323,1.6390698530185734,0.13750787932061148,0.031107572902116444,0.07850064744377211,-0.1592097877807529,-0.068978640785063,0.0001,0.17367549187773137
460.8984987201674,1.6280536733482927,0.18291066650726276,0.04020188659270606,0.11142351668959964,-0.10858286981892518,0.12103029618225956,0.00773644004646584,0.17757626197199106
64.46750291041441,0.25894206360652816,0.3066298191404145,0.0020990297604294075,0.23934298078653818,-0.5174315166829051,-0.0620551389416767,0.08550137761634298,0.07165313418185182
64.7894798093598,0.6383506539426762,0.16327251421958192,0.017206488516525377,0.04892283583496345,-0.7517130403061334,-0.11467848221142853,0.019107326419525856,0.08969537540823128
349.01864679522924,1.8242613496776214,0.14129402811284703,0.0006874804583499565,0.18766133107740104,0.5579004475188056,0.17735606485383273,0.2268675082924503,0.20407392409223876
57.749519902308464,1.7889411050297688,0.1990086937563273,0.00373091950172504,0.3261325149889639,-0.3443141828249754,-0.13879176672220295,0.2250680424041869,0.18589282979581592
360.49717061884553,1.0353061719674237,0.231451846680426,0.0001,0.20480597468912293,-0.4999500478169209,0.005492204412138238,0.2471916118486239,0.11466225084270838
222.10632764755954,1.532749394498106,0.18689714079552644,0.035068203928139766,0.06694695336890129,-0.24930213852122715,0.09649805885315044,0.0001,0.16226676788378147
253.68107347833194,1.070097078329132,0.16160741327114983,0.023461127496144412,0.1190978202358681,-0.7144461535317238,-0.1790830850593194,0.0001,0.125931193679823
483.0263704064356,1.7663397940708454,0.1356044207237182,0.037066048043625024,0.07795634046657615,-0.6876005811875351,-0.05775832889930075,0.0001,0.1718868417591184
401.0039999149937,1.7470253605138402,0.2033080127998986,0.0001,0.22526547110202813,-0.0731751669583185,0.0673713630819461,0.27929944587105676,0.1580573944505953
308.99463777034015,1.6373046710738208,0.1947773650446912,0.047909119962068016,0.08780161665906329,-0.5247757367781424,0.12416861529949814,0.0001,0.17536255671226192
135.19988298812152,0.11274878288753748,0.4739975087885723,0.00021428726084948404,0.24341684256561763,-0.8486228060767157,0.05541836198627587,0.06003786502083736,0.057148215160942206
207.62949241041412,1.5173474726479697,0.23187851351850886,0.0576274019709201,0.25824829170864383,-0.6964698401849914,-0.03537700658363893,0.0001,0.16236795832031073
290.167803204494,1.817369632676828,0.22059602605031342,0.05978259653586696,0.17629525472805646,-0.09991949994803466,0.09799785429903095,0.0718197044755574,0.18260253191908463
146.49831854691735,0.5609374676436075,0.22737474894095996,0.0007839419843061724,0.18749965132620722,-0.3021173802219678,0.08424595034852991,0.12136838426251577,0.08447233834217605
348.7312582660115,0.5776497474877952,0.1850184366393851,0.0001,0.17522608770048803,-0.7431229360528291,-0.10508917122523628,0.16589958846387823,0.08930751126292241
315.3635274093432,1.7535041913648206,0.18927777660678416,0.02665574570686824,0.1893633989034732,0.03322270625627628,0.17961473950177498,0.15900327360496647,0.17280067732729776
164.63808396655958,1.2355282881995049,0.25720708563867223,0.05549555805914822,0.20751005068107017,-0.7976750392653421,0.037809324978458216,0.06057088956279419,0.1319330799264251
154.1079942284914,1.2742855125313852,0.22763388780710112,0.03352651828186639,0.16835222371719352,-0.38596465609514313,0.0965578746407808,0.0001,0.15750415291111697
343.84545044119517,1.4067843012063352,0.16990497540384408,0.0001,0.12272868147076932,-0.30092936455194863,-0.14886067518396198,0.2793456699409577,0.15860001402145274
392.83164120504887,1.518582498435102,0.18926977862184388,0.0354022725978458,0.1439863355895436,-0.1800333605880845,0.0056551123376676225,0.1164797004940062,0.16259040035712477
265.811792742708,0.9539081610111626,0.19875785768937076,0.0001,0.11463090604283926,-0.5295197103860414,-0.16693890960228994,0.3014419335102711,0.1037400346871483
110.04736205728075,1.5221237674748367,0.174323899423106,0.0001,0.2273149809955746,-0.57890189017619,-0.2093735576831864,0.32948270737708557,0.17779419090976595
201.7073488642596,0.9982265113754012,0.25089850866855495,0.023765744133851532,0.2704345066208926,-0.5667135005525402,-0.10423204723924566,0.1409532030382647,0.1375834975184053
433.2154753256,1.421121656910953,0.1952659651273386,0.0001,0.26034838761356344,-0.12172915664929364,0.08846033991554751,0.1567159313018861,0.15134671063903418
306.47523183835904,1.0130464219667077,0.17225398526933397,0.001001993556616498,0.1621801561541625,-0.3884829968968341,-0.08392583266825306,0.19812918161618384,0.12874607019118742
483.05021642898157,1.9255945533965824,0.17339890727576018,0.049935642399556904,0.03135805464338571,-0.773531939004778,-0.26217007526330766,0.0001,0.19086452196793885
484.5257231366471,1.434452367400566,0.16139945655669657,0.0001,0.19888399138517074,0.31372522997601804,0.21458896411259196,0.17902106804147735,0.17003359900227222
127.18369305377362,1.7532432309496595,0.210797213241423,0.03440613641836247,0.3163826760613101,-0.4555251913393555,-0.07742720454220339,0.1602315196061416,0.18680230574719037
78.55502792774533,0.22799035320516192,0.2999999238680189,0.0001,0.09071665853980584,-0.04030573154753226,0.17978986588097487,0.16437405417643638,0.052265090141880265
248.34289562417703,1.3635151098884732,0.18907995319422105,0.039053500848372315,0.08862582470974162,-0.5592327885582872,0.07979897090588005,0.0001,0.14416003916588996
449.8819158283336,1.7319424417537905,0.2412077691043685,0.04980090424442185,0.14185399207477203,0.009336553985304627,0.16574870523243432,0.04500010802913806,0.1775041295088167
487.8058761869263,1.0804252020435474,0.21140072491250636,0.0001,0.23785632260115402,-0.5193078111426198,-0.08912438032231844,0.21259581662566907,0.1296387237702697
247.61541961957238,1.1898705685287079,0.14434056005329865,0.03261992665603993,0.05766996815655864,-0.7147803066490332,0.016653384986353978,0.0001,0.13137327632172188
131.49806262010503,0.4066566640990595,0.23530211345408103,0.0001,0.14195598410093818,-0.5652193536787582,-0.023912576265806684,0.16292399368759056,0.09589387691351468
215.91869772821113,1.5935355518331182,0.2029641144995696,0.03313970461486573,0.22440438275860394,-0.41291133584518497,0.05904036184832548,0.1476038494333512,0.17612167159594744
331.64735390634246,0.1412132338117455,0.3456540359165093,0.00033626143863139544,0.13762400814851478,-0.7674241497106737,0.051289018206350456,0.09716885953687861,0.053253961925985034
221.09783546132516,0.9697193101686699,0.18763070705730847,0.024489114873111464,0.19958211037008386,-0.487492208649275,-0.06843593988289395,0.0001,0.11603689102838355
387.52377727527994,0.11500922568799925,0.24019362979654588,0.0001,0.1538909974740217,-0.7819080264697489,-0.035178064785471475,0.06370795078194721,0.0644522380290632
88.6814973590585,1.0975296727153,0.2414214821973201,0.00062009045340329,0.3259366674505982,-0.3401446186418967,0.03161287314354328,0.18274667864362826,0.13284936739756784
52.91316608311346,0.6147114330390296,0.21995425213472256,0.0001,0.18167378405713827,-0.5649160360262995,-0.15605767137269302,0.1881286296752534,0.08897101355733536
359.01296979152045,0.10632988807295424,0.39958501357996085,0.0001,0.25669691580902804,-0.45190934916211056,-0.08914962724561305,0.06286012792505824,0.052177052528682724
191.1525355511364,0.9903999490634922,0.21444609261692604,0.0001,0.28368042961462575,-0.5644378301026798,-0.1786088434167317,0.204993492921595,0.12869901742868795
158.887405111695,1.0774885442228714,0.21660872591423677,0.04263852149128844,0.18156256567744353,-0.3235824117093032,0.06691427124711255,0.0345238777313989,0.1293044567913441
244.8621578007799,1.370053735684883,0.15663608348917196,0.0001,0.14923937982326899,-0.13986886077388974,-0.052799725394950175,0.28337276836501846,0.1655735207385238
468.93935767435124,1.5161264518172903,0.21748128392840008,0.06909543458108916,0.1746805127328442,-0.17697799387204022,0.05469516824233937,0.03418553620308458,0.1523249732287341
143.51226287243603,0.27623666908802386,0.3842731426843259,0.013596021471146615,0.18039956329803242,-0.7087779835726344,0.0908807144162142,0.03175649018738244,0.08531408178694622
261.46722038484324,1.1711341527019699,0.22817609203175565,0.04670053101063783,0.21794586250241102,-0.5021083385846387,0.0005737796069296325,0.05241104093975287,0.14758936596848346
499.19153606078135,0.8591487720863662,0.23135271155253323,0.00011689174966306177,0.3526005951684328,-0.6889768496019395,-0.22169968467854603,0.1653108611016352,0.13659469445684044
396.10466764255165,0.07409382413684243,0.43376710829053944,0.006945715151286566,0.25360903821570774,-0.5546072494419645,-0.033992230784761525,0.03705091529019734,0.04428350107130469
224.31320856723562,0.3288863509561731,0.29115649012837674,0.02037380533595987,0.1048513264550715,-0.7213338977924426,0.04907295770864268,0.0001,0.08101392982993513
432.5401583583683,0.4604710869244915,0.31842860022732494,0.0001,0.25147254996138574,-0.4995879837557701,0.02274524897426691,0.16029521421307324,0.11026613664545604
252.21719591409752,0.9075564228645039,0.2342785220583872,0.021904839964479717,0.25093418074295526,-0.37436631188345226,0.05073516399827411,0.07645889281885475,0.12723154942776813
90.42492571547515,0.956621711503709,0.26572311251286695,0.046839177810021386,0.23586602398374087,-0.23425868355316154,-0.018045103588241844,0.0001,0.12457838878970053
181.6599386232215,1.92607836542074,0.13898055821289573,0.04635897598275578,0.07926221857034534,0.4852793250229829,0.06889122654694531,0.0001,0.1874698548744561
330.4865522303885,0.3401910984079354,0.21999918427501422,0.018919671527101972,0.07405439817832782,-0.8148782495447974,-0.005894292728262343,0.0001,0.0701155775592026
278.24045326367343,1.8002909789391972,0.13427127932058897,0.0384373961181294,0.07962308751553719,0.07171727483680532,0.06883599845712206,0.0001,0.18613309069557374
388.7251796880558,1.3364534313146454,0.2245302721548407,0.056261556114958894,0.1866684682741068,-0.7609314830334198,0.028487401303544532,0.017355890558611104,0.1603784287155151
485.63890574687895,0.5124413961566668,0.24751678013289924,0.03766103582136042,0.2142861077904387,-0.9238095780299721,0.007512235382362734,0.0001,0.08897632704838748
311.255258036682,1.7049280871219723,0.21778973876630192,0.0001,0.3174365215870612,-0.2738004730861944,-0.10452603507403455,0.22109892479364382,0.19256378986664946
261.4932403807825,0.7903878628265026,0.24712119854617748,0.03876397332863976,0.2643483433449807,-0.6016818996748315,0.03291942806147879,0.014585501309257955,0.1297877942922244
406.3773745663913,0.4016713708708912,0.2600910717929068,0.01565242757436408,0.19433506443567683,-0.4115698125650157,0.048357089976529134,0.042815384941617046,0.07543455425735814
349.3625832449538,0.926772453563088,0.18882932493326055,0.0001,0.14999433987396044,-0.8443348583502113,-0.23994248009275582,0.2568694750750009,0.11797340348231712
81.22971722472477,0.3500955074135251,0.19761778506620473,0.009329831584995113,0.06263821041772699,-0.46041834364204715,0.03674523596469729,0.09054004073118428,0.08217393879499119
120.58963175574868,1.2257336211609646,0.18719555683539404,0.02891204560666276,0.12113618563964897,-0.6611540050963857,-0.02159336459776986,0.13326112271467574,0.13713051932899048
132.33932101141454,1.297048154025986,0.234324807978432,0.024710283218446615,0.2540072180934699,-0.29990148554740625,-0.011888436029369544,0.1409435794474291,0.1433098193733736
161.57950353482235,1.332852357485924,0.1681211733213584,0.050957758326914834,0.18680598927935457,-0.8207690514320531,0.013911265190708587,0.0001,0.1409328116554781
120.91122056537723,1.6027658253044987,0.232109741189972,0.0001,0.34852703668908075,-0.24454090544456442,0.08724717070801725,0.2377260204285443,0.16465339960780007
140.17213782535782,0.8272080540426989,0.14599235767702903,0.008953430738962487,0.06130621130048249,0.23036794237678412,0.1577821063242935,0.06348061686580181,0.11211357452544055
328.21676164073426,1.5241779511407656,0.14100832531495106,0.03431009144962568,0.0627606568954026,-0.4098553316591341,-0.059208840253325234,0.0001,0.16206351099806013
212.72675417620385,1.5419581809598883,0.24757386029207212,0.043810359172917084,0.2461944228698627,-0.2527963127151423,-0.020404546695804073,0.07162565425412248,0.17170864268771277
325.8298416702567,1.898071912215532,0.20002739645784567,0.06761333433330445,0.09979939182445448,0.07772594982893384,-0.013757772808021844,0.0001,0.21255268419110915
365.37478228858237,1.4629928483256178,0.24154986952457116,0.07636385758651416,0.16933789487684023,-0.3942840703096507,-0.06948513314276708,0.0001,0.16533654772323975
109.00570486350688,0.07023408446708737,0.4908484490923913,0.001036365859652095,0.2038902364592551,-0.3029623494105182,-0.015152823681531574,0.06518430890322807,0.05227036762555175
441.3932536271613,0.6465489021869074,0.28381006055692537,0.01604735568545944,0.1898157551068149,-0.724967842320451,0.043557169214281585,0.13499016715013556,0.10050630362411152
109.73020767534723,1.899728199402766,0.19119729557786555,0.04815538653950296,0.11149758911174701,-0.15442413293355922,0.09642161752779065,0.0001,0.2106515249682234
373.6346664994721,0.8363234942217082,0.2169385109958958,0.03278876943899057,0.19430059128275093,-0.5193985258847559,-0.06405916386866814,0.08010263428946246,0.12124964567875966
175.3656906682853,0.7260909045032478,0.19992747345403322,0.002684714081072736,0.16603685998596493,-0.327023137603886,-0.034695029025373726,0.17094578508049266,0.09420895758021078
474.8197880865565,0.7344783059138935,0.16768124258356923,0.020107911304622642,0.0445532645691985,-0.8091321954071234,-0.041378625227210745,0.0001,0.13082997328228124
95.43380000366645,1.1129054778400265,0.20533570819700706,0.04222201961962977,0.10867226024906175,-0.963505481942603,-0.09650435328529242,0.0001,0.13084891857984185
62.23897365243087,0.6955225354054247,0.25744326634668874,0.0375584932994115,0.22376486062529738,-0.37055028538443013,-0.006634344310719727,0.024191772841667982,0.11400030039532844
54.110693291996455,1.9623845336295038,0.21386138762080037,0.06135806688735386,0.16929296598626972,-0.4879379286924646,0.15501834482250115,0.0001,0.20169848284291708
140.24634074199926,1.6533842612392522,0.2134734738480726,0.039771418916385234,0.19261392568771593,-0.2292065254706256,-0.07529171350744937,0.12304062058435546,0.18643374904135335
415.804022392104,1.6914530331886546,0.1774840957648686,0.04846769759080684,0.07106011899789204,0.183058866457109,-0.015039127477334421,0.0001,0.1829064702485654
155.1789002400429,1.1769837102625054,0.17886365670098867,0.02857384668644517,0.043698941323212954,-0.5666451734955327,0.06901094905028385,0.0001,0.14732056385531714
229.17988410830384,0.35813437801032183,0.315591235713663,0.01348539469541051,0.1907084913743036,-0.5996312515408646,0.0758109328500964,0.04529495665531934,0.07664666058519681
414.7474505709053,1.2462225351852838,0.1870439264936313,0.0325290752843001,0.17843469013907606,-0.31844427110024187,0.03867686528845984,0.055799640333139514,0.15702442064470246
56.85486054406634,0.9314829498774391,0.1799923549980141,0.019034821988555592,0.08836867589068594,-0.4508418299653927,-0.013790166985794258,0.0001,0.10018811677496588
130.31949540876514,1.1619540265418948,0.20966222428660095,0.0001,0.309099428523987,-0.5873680233784124,-0.10204397052306212,0.21060963927348855,0.15082401775159648
214.77485815914184,0.8985284331309424,0.2122651210985475,0.018259565531112545,0.2067896556381687,-0.4011279179256183,-0.038766666425194815,0.12442423399063811,0.114807510762823
216.02351915277023,1.4245409192718923,0.2220061488946259,0.02634589136835112,0.18912864380716737,-0.3043947291153494,0.08917307383731655,0.0001,0.14937187252863293
65.1406263863483,1.7164305223770633,0.1393439741865583,0.0001,0.15842885391633635,-0.5125226482660313,-0.12895152220370293,0.2792771886249653,0.1629093713431385
325.0529464494989,1.3776238820068711,0.19368687837289675,0.030344363534985257,0.08798329217571685,-0.415915551188481,0.07102635998643826,0.0001,0.1571972528996619
354.1551780634803,1.6620633449557094,0.2666700380511662,0.053242674568336285,0.21885847893615828,-0.2921661946132182,0.04356886919247362,0.062180307802999504,0.18097331660876975
281.2084754522694,0.3795009554898216,0.20223089592894453,0.00023282117077613764,0.1566346561782554,-0.5579276474344184,-0.06413189543152709,0.07530458800698511,0.06416046721392481
160.67226028165769,0.6654815915335248,0.2164575837921761,0.013139415412099321,0.10169597417148817,-0.7781436996243528,0.0250060762110729,0.12810876202340793,0.08561071547941945
288.4173121047139,1.8124016198046087,0.16608510771796278,0.0480425883120561,0.11564212354351376,-0.7631734571056962,-0.09424656924328756,0.07375457495749331,0.20272204967378069
281.0505871378331,0.6751598884207903,0.26790826193695283,0.013952345187505863,0.22077067404284803,-0.4972046803144521,0.04036286471514288,0.07050900979690947,0.08092448450588029
460.42907365327056,1.35384670030853,0.2295102326986312,0.004813877468783882,0.24438500189899254,-0.31826334653067323,-0.02354898097449686,0.21534300358292607,0.14668131870114906
414.6240057709306,0.20795233778643457,0.16357187092983913,0.0014858422585506536,0.11650815905543055,-0.7262037173407645,-0.06481422488964167,0.045660279425074446,0.07533818519011344
142.346767782668,0.41326783747928464,0.23241715884878023,0.010964651947468417,0.21487977122147583,-0.8551621116542997,0.015145201790120329,0.03329069704504458,0.0863825969694291
385.4580112228623,0.24752756727835218,0.29497360063002226,0.0001,0.21568656921576695,-0.5059704928306905,0.025968706864114607,0.10528993019982272,0.06796747910854598
130.97998358583212,1.4226261842226868,0.21304078093775472,0.058080170007131594,0.15318479326077028,-0.7651265874835048,-0.041346998419942674,0.0001,0.15944358236542464
305.53003867203336,1.7184337617952736,0.1987117439472588,0.06470755902807435,0.2039733878710021,-0.3369030145692062,-0.04646595459457695,0.0001,0.17165458562277072
175.64497633008557,1.4761804004327823,0.22590323243661353,0.03777664596864966,0.2982114866149344,-0.6398708547167558,-0.1498547710698734,0.14665343200435543,0.16791873221657896
498.7186118993435,1.2680378432034871,0.19954975721061788,0.033790015660086804,0.11356586655724193,0.23112275357211928,0.10479606336912667,0.0001,0.14443841795439033
232.7241899771504,1.6611337970292972,0.22069391831279567,0.03922281429737447,0.16713150805416424,-0.7140821026050035,0.0067136797625140555,0.02674679656884272,0.16350425464058915
115.49050213586642,0.37737280879121265,0.297800303115362,0.011593118781761764,0.19717841095793387,-0.3703612092848081,0.0035089876766547685,0.10090860151273522,0.08518795963112809
124.98507093522473,0.8624899987933654,0.20193816798014766,0.00018481567203167668,0.17464420378454246,-0.45208510076484415,-0.11737321313468194,0.198070972779128,0.11659885521598502
78.6559931279403,1.8295137383280395,0.24673639197694613,0.087231954732657,0.22560081158768355,-0.7576136318516166,-0.06892684200617472,0.0001,0.19096775047923795
427.0612998101968,1.3555293757441786,0.21565540972670855,0.049147047475263765,0.1705747160196589,-0.4170548792410663,-0.04126271313479029,0.0001,0.14793131827199607
169.7617742950884,0.41988108848642636,0.23467255561108818,0.0023681148295293937,0.15402897045541944,-0.30494763697700955,0.030776137629608923,0.11820153959106572,0.06964929493060944
459.1209245118265,0.7935223937840554,0.17289686600416393,0.0001,0.10168554083811612,-0.6883143661082874,-0.15618417537916354,0.26709096904462315,0.10102483499688975
132.58787334951126,1.943921072561168,0.1990696253844214,0.009861350624891312,0.2904899570240419,-0.2423308977845778,0.016953655955866887,0.25159908947682247,0.1954784915630434
185.17651873751362,1.822152184099241,0.16919740344316808,0.06104024487550531,0.1193510075583568,-0.6862245107975199,0.01389980558914274,0.0001,0.18427326790053816
488.5474435618411,1.4168540075435365,0.24881488898692786,0.0001,0.4102517297925055,-0.4684465882092977,-0.13171643179241066,0.18287519566398455,0.15630676415209677
256.14768074926417,1.8618808938262668,0.22425240009284608,0.05282462776067468,0.24689980880952145,-0.4527423894466615,-0.0636593549854778,0.15706073152786068,0.20669701813743344
68.04163942900873,0.3924875747252914,0.1973536451491362,0.008631650051405022,0.13115150125745884,-0.7856024128196128,-0.10932556515212441,0.07765245066272605,0.08064791056811023
104.07364112861248,0.27012534780520103,0.22119659199702144,0.007133961739146216,0.07624033590344416,-0.5429141853179563,0.04570295883392094,0.05653364214864985,0.07527850560410962
189.51657930178013,0.19622172516834735,0.3396724800101286,0.004202589763143778,0.22893691633362578,-0.7602983904176001,0.04470567267405657,0.05084974907248235,0.05953460031370741
311.77891622650776,0.6118880270245707,0.27108721576774814,0.017606517735046765,0.17419184537841698,-0.6888879336189638,0.0910743079737607,0.0001,0.08292681582436036
220.8875465739023,1.1167510418392363,0.20044086898174995,0.0001,0.25573771435473935,-0.5138055352590691,-0.060538347315767155,0.20956958443970744,0.1307337309931208
387.4273495874593,0.965656387056853,0.16346420728403913,0.02953793673017381,0.205002589768848,-0.8172617814508656,-0.016186741474912777,0.02193826339310891,0.11613224226246535
251.37880952743407,0.41032369272121455,0.21935538978057692,0.014911874079756016,0.05920715527776175,-0.687131460532021,-0.09466821969191799,0.0001,0.0841706959855296
465.42036133154147,0.8605961610739071,0.1417756532756677,0.0007036660605475307,0.13960208773417593,-0.15761665926733828,0.0473660756883932,0.1518648610939012,0.11712650429555502
356.2913273805987,1.5108595690200894,0.1509291808674364,0.028923880054373626,0.0794444453028256,-0.2649278126972943,0.06891199174642235,0.0001,0.16766300934017614
69.6281010851417,1.3697118238424706,0.15957221898770585,0.022679987324633694,0.1354846972517806,-0.519981858290397,0.03155387254671217,0.09135531182592321,0.1502280953716144
237.30606001632168,1.6873039281020785,0.18873954377266028,0.022836973002479784,0.22040546126325844,-0.20997298534703127,0.0846621604170295,0.19475225722291473,0.17228544453380695
139.51452340492494,1.3721867767455602,0.20295447264992067,0.0522576884000537,0.2330247821982771,-0.7367478253855348,-0.07845287623479692,0.02752369815520306,0.15308158577982822
204.0913802418839,1.505829861856794,0.18585962655148788,0.037762448108685766,0.12308368567319435,0.49265973582145745,0.26210115694544656,0.0001,0.17034436465754366
392.2150801368529,0.8806290890775155,0.19187460132503292,0.020382236886529022,0.0538551160087889,-0.999,0.06892072390527942,0.0001,0.09448067292209247
324.63288683839136,0.13334173024225382,0.29576146395245717,0.00042058748855563615,0.22602114967503362,-0.7497303364737535,0.01046979303850843,0.05672794994398029,0.05689376341311063
293.9044745249514,1.5154573926105581,0.185043329483942,0.04503674406347849,0.09142028363719922,-0.6933239698251469,-0.09491553821268316,0.0001,0.16874685450209137
290.28076600217776,1.8081643306288921,0.21561439313861216,0.043930150480385,0.2017523486964501,0.0787987431541002,0.18736132325982557,0.09835182794449561,0.18130246215429693
276.62107634670997,1.9394672043348309,0.22644606557469724,0.08172133483958773,0.19275447169997992,0.16121869507117048,-0.01483193858287883,0.0001,0.19488472330132003
64.82480468626036,1.6850516783411462,0.16129177900761432,0.03861063504279012,0.02456440969841687,-0.20897807848616182,0.1792949445313745,0.0001,0.18263367533298405
180.29701164687415,0.385681589473715,0.2308518791649817,0.008112070865223892,0.0710775439741607,-0.5915482937420794,-0.04148246307932044,0.0001,0.08673409464899404
481.29983123929253,1.0288819935079496,0.20141407006133832,0.02518779308144079,0.10811950230948622,-0.20199895975839824,0.06899781226403005,0.0001,0.12843612003097862
74.42916154684237,1.0232957860562235,0.22475804686296724,0.014698353413476611,0.20701556424325446,-0.5317172856472054,0.08899651900946852,0.12395580246098858,0.1267691799966679
415.1114412858691,1.7780410210339288,0.2002525603775081,0.078620269417604,0.16533333978755665,-0.24004851576623876,0.019336290965498427,0.0001,0.18873985252823666
439.3304713553365,0.8021727169613526,0.2027424319578397,0.03305686381345001,0.15222714209197766,-0.5489749577035427,-0.05831182407739318,0.0001,0.10547850033824466
139.53526403067946,1.2627696951802492,0.1741422277267733,0.01016178339116282,0.10010808006198804,-0.3201780724788157,0.12631708936962913,0.21161675548323147,0.1407047791790417
340.51524588340015,0.5282480639517884,0.30963522562881285,0.012571204414497493,0.31188418905195403,-0.6258055980699089,0.015018989641256328,0.10830231132351216,0.07540413158190493
131.51710769488585,0.15899059979102131,0.29512277247166196,0.007469257904526083,0.07350898392840846,-0.6406271237643669,0.06674252815147803,0.002058464804202105,0.0400496572370302
91.26469626718776,0.7004985572669002,0.2572247084380341,0.02770951718144154,0.2218971194092798,-0.5828098853785245,-0.040003052142195225,0.0001,0.10399317894281866
310.6050447788881,0.5457952763689607,0.2566078492160313,0.0007092976652648965,0.32614171632248495,-0.5345222412893701,-0.07674152569744301,0.15883769025352415,0.10428285364212463
300.6318592161931,1.2707657093069407,0.20386868923263712,0.012863000241546713,0.15665660360118044,-0.5513498666535693,-0.0118765211234264,0.1577767730956388,0.1458301882780221
360.373501325789,1.169821140923063,0.18437221802447434,0.040347060024486056,0.04701674584183761,-0.5759447063240996,0.012594698179068293,0.0001,0.13844926186928583
186.56366034097607,1.951932406442366,0.23407857264512455,0.0001,0.2817759866688884,-0.02903547870273294,0.013347828542093255,0.3086403329623981,0.19765514587177163
141.64520429426153,1.9804906163149039,0.15808026593886162,0.016545084720593378,0.2569494358732987,-0.693135975620966,-0.286991817949477,0.15775477552082204,0.2019255316466967
338.2583484413239,0.31210404893806437,0.31496017155107786,0.023699730876613936,0.165732286012528,-0.7323241956776015,0.0301266631262665,0.0001,0.08078582409685969
231.30995667203942,1.7053455673089255,0.16591211391480204,0.0001,0.25776960134390947,-0.5217147648134579,-0.12287037195844415,0.24581014364877393,0.17842725108357624
462.7853584236604,1.0726370259098175,0.23129807796481636,0.003937315868845089,0.28325294130311507,-0.3675239980973983,0.0370068372985694,0.15742017271250563,0.14022526151750986
136.52718941323434,1.2612994935643225,0.23057825260794626,0.04507227758401035,0.26787533460908597,-0.6307557800467865,-0.0004900111082414148,0.06559612583379677,0.14012941856133287
359.4135516223405,0.4208366326622286,0.24522188098011452,0.009033847617627221,0.27119926079245293,-0.4879385911219563,0.03333876815585841,0.06015313391382649,0.07638304149601144
108.01301862032395,1.189374385849349,0.1458368266091798,0.02690603454592759,0.10503499064005564,-0.29945123849538186,-0.008429519532736596,0.0747685740006469,0.14730220842071157
263.81687998317204,1.712667995889857,0.16125832964544837,0.0399424601446953,0.14453490068760705,-0.6300152880283856,0.04095652316979883,0.06436020527569895,0.18907354045247335
472.17829566535215,0.7980866925386433,0.22898576244386623,0.026572248130351552,0.0807549971682927,-0.5746041943253092,0.06916510927518878,0.0001,0.09016767303076635
127.32885876587456,1.8627407520163866,0.1940994132131916,0.053985235182793835,0.15235282745953688,-0.300374677597779,0.05147135734794641,0.06488824457301248,0.1981490005391921
212.36812531708907,0.2684096940931644,0.2799348913757968,0.012387169302715495,0.20659657996104858,-0.528342194699882,-0.07205786471481496,0.006733226574031287,0.059201839802849245
112.32445541250044,1.2927024205645246,0.14430722431002282,0.03654683979115605,0.08126345071129969,-0.9786849345804771,-0.13845575655928688,0.09201926099315723,0.15545218335604166
351.0510021606232,0.3147109125226428,0.1860648283035572,0.0001,0.13566033614918752,-0.4333583668074782,-0.003812996742908889,0.08400123429791165,0.06156825798159344
461.46299708655704,0.531239964824412,0.24608767822534172,0.002342151559198606,0.2434779005549949,-0.6830105463323528,-0.026095434180191716,0.10052585644376665,0.09143965041756932
308.28468020333304,0.7960670553330491,0.18997710374594023,0.023854908118849275,0.1449152756453858,-0.3973706255506033,-0.0431172492678454,0.05553611229825124,0.09465160848700394
70.79086742353866,1.2218989934020625,0.21245780024151603,0.023788695230845244,0.20463908614750326,-0.32858135076788975,-0.05826048312747395,0.08330134155152294,0.1297983618747699
220.34828078464312,0.052827423641413754,0.6160451644058841,0.0001,0.2150025665695131,-0.555258694765083,0.05149611582904332,0.05852448625333303,0.05538155136553629
113.71093150699065,1.3269746713353356,0.1885515688063389,0.04478033716548819,0.13416171671613977,-0.8567633008752268,-0.04143551727812492,0.0001,0.1617263096400612
476.74166131191174,0.07957646980345137,0.5443517307804394,0.009214639748512018,0.1527467003661863,-0.6214615388655016,0.023730512865656164,0.0826283515031058,0.05985057984859266
214.96099219511547,0.8733622307426765,0.19295837920475184,0.01692213030741565,0.09200940412723987,-0.21113707355661837,0.2068857312789813,0.0001,0.10171215307612892
320.2885246083739,1.2654887047384256,0.14562433580067974,0.02075923027342027,0.11299184902549989,-0.05609915134975733,0.08347857708868654,0.054291658354884816,0.13059770931435521
276.8719340928742,1.0314872079715196,0.17741741430924005,0.026595776376614193,0.3100512102506612,-0.7018042705439062,-0.08500061123291275,0.06898255798689741,0.1244877229368217
97.81731822997338,1.7003061332041407,0.1799093526395511,0.012817628334744795,0.23583201440274432,0.4823561801620108,0.26445044929466205,0.13898353202562203,0.18519376891896824
332.94855399143614,1.8705905557022475,0.19843801261355898,0.014976368086402929,0.18013882077979607,-0.4484804807132735,-0.12600843095961495,0.23496660767177774,0.16456143480139077
492.987998953004,1.7544421108168022,0.18539295026082406,0.001466001360631615,0.2563759183545286,0.18631262307381327,0.04964967163338398,0.2646893476022022,0.18254855122758115
224.8805205693841,0.3772400257090153,0.26848813642747915,0.009728924657303163,0.1202264401141915,-0.6726510167243162,-0.023986428261533296,0.1183528271608953,0.07596778658238883
303.27003716998365,1.2206254284264668,0.18765334463458241,0.0001,0.12197194887724234,-0.16491439763484192,0.17525668424495916,0.2404044401507361,0.13415749170212118
460.74602029975773,1.2926119924869186,0.17749007100949915,0.0008289413110848256,0.10982297846183178,-0.34132494946832403,-0.10306291707544142,0.2987824582923983,0.13463295255973542
338.2636875122916,0.20132969329828132,0.38319087648217687,0.007486698809769617,0.1976960474592255,-0.7238026565808536,0.03576232008545273,0.09435992730700005,0.07932381818059275
349.9786618611789,0.5701842776866451,0.16826843264183358,0.0001,0.1112283050777777,-0.15474061291300453,-0.024920334458293614,0.16652832794601077,0.09165977082209116
238.5689259785834,0.12101264275068102,0.46345710236411264,0.005927652468532249,0.30346352687500683,-0.6053321903269923,-0.08466684040168816,0.06683336384881516,0.05175123891507425
78.80639562863271,1.354093710103922,0.22260898313145588,0.04173199821264925,0.12495326432107934,-0.4511498751405698,0.04812492562233322,0.0001,0.157757956067732
261.517458298291,1.1559475358325297,0.1877166255067973,0.034696501674299655,0.1704892789865845,-0.6334524284483858,-0.013034863659027214,0.0001,0.1492393638044367
195.36015408228414,0.8261608040849346,0.19126307131574882,0.0001,0.11473194965074646,-0.5732697192055696,-0.026058079382328885,0.2839628906249291,0.11324496617035675
78.47406361842636,0.9311335449653373,0.19013598665903855,0.0001,0.21612928042599783,-0.5305387329662236,-0.10137235594309942,0.1931160716686625,0.11828463638444425
413.05551872256365,0.15093859561450162,0.40747323281394177,0.011368228840401723,0.234390458625281,-0.6452031857555997,-0.10601744358864071,0.04727701279053916,0.05469509075621065
434.66686013038327,0.248931632249144,0.24166136980044736,0.003095123741241336,0.20696202706954714,-0.7057253565041672,-0.08431107140973156,0.06913504055868304,0.05709870731514887
233.16547289741953,1.0159454898047602,0.2708936416141434,0.03947277834406262,0.22813664420608598,-0.3190268770932576,0.11836231344633072,0.0001,0.12503894432128376
201.3042695119385,0.955608362487485,0.15699986724442075,0.019209282017923934,0.18806786430862668,-0.9576840284637597,-0.2655899580511516,0.14781861569897417,0.1203576851944144
244.8410258135413,0.6479054865788899,0.2161916159949949,0.009484129297576454,0.0702872654236899,-0.1243186776715892,0.16955783943437008,0.19229922178789413,0.12212666937870913
476.0954299713467,0.8629147118389473,0.23369166200688085,0.0005014886050278302,0.2781319845100441,-0.33748164892822496,-0.027128121519057004,0.15451512469645365,0.11796826385562263
274.64368978305856,1.6943710201932376,0.189436622726293,0.0287491023427731,0.09792257766046396,0.8078053949299219,0.23300831087051016,0.0001,0.16824188977940271
148.34504297143496,1.9295521424411664,0.15828570781932264,0.04477547379348063,0.058583549126848856,-0.40487595715631,0.12415349425176656,0.0001,0.19345377112801754
125.48761476521531,1.3488972824115641,0.13852607105899972,0.017561797066849107,0.12012624977939443,-0.7715629262675123,-0.14910622416357527,0.12936858973302134,0.1592529522160705
262.52539200578406,1.5573940980904684,0.26499713482691994,0.04519507279981939,0.2561958966277793,-0.22400522136445578,-0.052803123179639984,0.053861146397752344,0.16160122056752452
158.88360721344498,0.5995402604869801,0.22480573628685238,0.01951506844165823,0.18440754047513855,-0.6494077140131103,-0.11364895543414726,0.1313948765927779,0.10138428698296548
184.5329653146259,1.4244825132949686,0.16885814316876907,0.0001,0.26158352294628195,-0.21907408830540215,-0.026358628762520715,0.15685238123245346,0.14961798544887747
172.90199393308907,0.7479653554605855,0.2365893682400651,0.0001,0.28158701708301853,-0.4542467347729709,-0.07890922833405614,0.1566345854802204,0.11418451792201949
100.70293040486068,1.7250266137574854,0.19058681088154575,0.0352253813640272,0.15429596903974924,0.7638775421608064,0.3173017019289938,0.0001,0.19370461612681106
493.3574701426399,0.523560450045362,0.19918638802501273,0.00010667449461135911,0.14961831724768512,-0.3097934906963913,-0.00682309223889367,0.1667790313007627,0.081885975910409
67.38889932199677,1.5305750574080095,0.15320290615346854,0.037943560556443254,0.10683016043171603,-0.08027885152072067,0.05174490734506723,0.0001,0.14285141319032318
78.99142428977244,1.4088835524889463,0.1845891529698075,0.003649367589626991,0.09715494506575234,-0.33919483650850984,0.09890169979025629,0.3976622694427231,0.1558183215926129
163.89244481904694,1.0205988635072707,0.2459870203056707,0.043319267752800865,0.15987271151901386,-0.6177856626037475,-0.09623082861766495,0.0001,0.1300147974201036
173.06274492939792,1.2208929181770478,0.1216962154573483,0.01298181985602644,0.09505801349162941,-0.5703204452495717,-0.013756425586300611,0.0001,0.1259598596868983
471.5028578330454,1.5865189268869728,0.16732854585267357,0.0001,0.1353084890705707,-0.4137130546071528,-0.06494898703000572,0.2538946243454303,0.16882586250546128
175.6737177975055,0.3580184485804803,0.1375613204732813,0.0001,0.1467206298086686,-0.7116542466515307,-0.03771837118751528,0.06644102652542465,0.06890696185501242
164.5287429998731,1.9085687904329047,0.15180801854913192,0.02804942409293306,0.05976226849067773,-0.017198786814383315,0.04136465043778396,0.0001,0.18107512889190308
316.66346898529315,0.9777066593162971,0.2236034291780959,0.025675611739760545,0.18316957226991554,-0.1706475731875421,0.09654791599762166,0.0001,0.10929421766558962
377.1901600565551,1.7386234287184792,0.1920084886549863,0.0343043701279189,0.1960218797704089,-0.22415641049481302,0.08535955257274662,0.18142989871597723,0.17982081455291457
387.0660699721637,1.2206376304723474,0.19817385404343402,0.0001,0.22255518551540435,-0.399055127465229,0.004303911903248296,0.2422755649969329,0.15154433818311855
340.58011775494685,0.450590929436195,0.22496726644830337,0.006289769372733668,0.11365391013372227,-0.5742685567800542,0.059354337348837306,0.10230550116414809,0.09901081830206986
473.0083972386577,0.1054556175040274,0.40797648406313664,0.007511606223254338,0.24871607135274196,-0.6137962135642647,-0.04883173364108472,0.03779284737419676,0.04859763073126863
388.2864702499825,1.6420581276260973,0.1777357166169217,0.0001,0.19244166434484955,0.3653105147499605,0.2766341963697883,0.23058170432169497,0.1806593677579915
199.16943091038104,0.7129996286573576,0.29019475537666195,0.0011135177231184467,0.2601528724160065,-0.3767059025877283,-0.051145456479436004,0.18598893889358112,0.1085488058049161
268.4206943342143,0.41441464097369224,0.24502220068053723,0.02384996402997699,0.1190572999495483,-0.6527130548959528,-0.08500558614859402,0.05381747704767242,0.07653193821115907
180.07512483124708,0.08759398458153358,0.3075337381475025,0.0015157421151010106,0.177037815152759,-0.6231846071613784,0.011741104436415989,0.042962545916663396,0.05808908854460741
331.58612380596725,0.4662258538952902,0.23325798903919376,0.0001,0.2723075744466476,-0.4820065124456843,-0.04417617753950531,0.12498657331104251,0.10144789374716853
433.1027828056077,0.9775867893116452,0.17719008688375984,0.01999127196898841,0.21506766386735227,-0.16958486893877045,0.006050246793279653,0.06629354785679853,0.11347464029775017
401.98012151184946,1.3366489903849985,0.13728894101964378,0.020803590450323307,0.07261026180572631,0.2302859282495753,0.26955842903517696,0.0001,0.15121880529103837
435.82834748604597,0.524695680268176,0.2750286626907726,0.013411967648336492,0.2879479153063993,-0.7600784666289554,0.025168708324183445,0.06995737424313007,0.08560128754000415
378.15731562764427,1.180701522106194,0.22810225857030508,0.0001,0.2705242069002187,-0.16837667632273365,-0.05291857749486185,0.1583009082812733,0.12285468286928519
220.0658907251683,0.9954795547423344,0.21216439580199073,0.0017379715683673756,0.309136523533348,-0.3239980105358434,0.010867208414644407,0.14440206134703273,0.12315447975809521
165.6167941606427,1.274138274467263,0.14353915737158568,0.02075532988778838,0.12438726861456742,0.20836275952223726,0.12409751878914506,0.0001,0.14692732495352973
408.6380051910856,0.3663696527103391,0.2989063849192343,0.00010649993287850571,0.15296617782591332,-0.5348713169953964,0.020826609831172068,0.20017510831190283,0.0732147106171402
393.88994943740215,1.311103116546459,0.18304608132290887,0.04668866974357362,0.20229377116766953,-0.6387987566742569,-0.12427024012466303,0.0001,0.13727358921682403
472.50430113898534,0.09128609233201321,0.6890309261044928,0.02160770203710994,0.24286813426911688,-0.5709397396454156,0.05367896825501455,0.044537850935024964,0.06900819192425088
330.4826357807043,1.1677237740638773,0.18102749233308335,0.03275597734011717,0.0878679840346743,-0.7065798795772495,-0.12413544791225521,0.0001,0.13933987266123998
296.11684201026037,1.5276936125203409,0.23564596348493438,0.06345720610685034,0.2045166658203994,-0.5917656044001625,-0.07673356133131087,0.10076669273371909,0.16414540169843703
255.05307482010312,0.7442688737094396,0.21418284158566972,0.025910615506666707,0.27970665721435534,-0.6438907214539094,-0.05518285056596103,0.036186809808717,0.10125620596970408
166.05078951653235,1.1199768276265043,0.18826062701642107,0.031168433565412976,0.08518798017851585,-0.6320879570176507,0.0949193645971654,0.04467044714195819,0.1343673800834937
250.78593910176923,0.8757338682286573,0.19527424072317406,0.028516923787136456,0.14690841936025134,0.856239149495047,0.31315089046804007,0.0001,0.10795175574504758
141.8013187204075,1.0707709380435608,0.21470833758814864,0.028772872772209,0.29297009063333945,-0.4101381083196031,-0.09829246701770984,0.06384881620597409,0.1441600705640376
317.88393491811695,1.109485697579847,0.196527766902174,0.04265164157118187,0.060736099151323976,-0.8828871559970618,0.08543607939871456,0.0001,0.13728939051340427
188.523747870555,1.4000455848880557,0.228077031399951,0.04394114214396291,0.2363822258788445,-0.37992727980379326,-0.05042795509003202,0.07250000444458832,0.13874234358565943
366.5645678969527,1.5200294285904796,0.17289582373797696,0.00347631681243186,0.25454825520014734,-0.014751502634796737,0.03835664965182373,0.2184336961637253,0.1651222604822389
144.0233706362313,1.76712580807804,0.17088548069129192,0.04384189743565667,0.05401992693340443,-0.19710626282388521,0.06892453288764494,0.0001,0.19277427862539667
216.47209896411312,1.7105074540930478,0.18916706502384156,0.046604046542439555,0.10966324102887201,-0.40762714684500617,-0.041435945237014216,0.0001,0.1644261336317886
395.5462350468264,0.940219863897224,0.2275198947535629,0.0001,0.29745067036336825,-0.3271370798421271,-0.003802640987862883,0.1489018776554625,0.13734402607810464
414.84015297650285,0.6839380303520577,0.2648449171886844,0.0001,0.28365469890107875,-0.03264108209252369,0.15036698862202394,0.13770801886465814,0.10184576603620213
182.9385920457239,1.4892436002220022,0.20079299915459528,0.0001,0.2592535587807833,-0.008823675997881334,0.11143434091489642,0.24640341016022504,0.16326839747404115
252.46859098788664,0.7453360627240883,0.17970369602709796,0.0001,0.07801885890079506,-0.4985914958802637,-0.0535977806374883,0.26835490223457226,0.1111150386801832
88.05471754210903,1.6056387708534057,0.19907214229972847,0.039622350853799504,0.12327860957164904,-0.5506534595224636,-0.020331362587638,0.0001,0.1875240495030766
432.3839825521698,0.4686931189792992,0.2469544024785143,0.01847833400287204,0.1681783441873851,-0.6333113048249457,0.017900443113908964,0.04653549934844887,0.07512656881612792
190.5531286506697,0.7127162734325241,0.24254914298659408,0.0001,0.23387051787077343,-0.412919673832376,0.04923005839356767,0.17798811620157023,0.09931387216603871
311.2197506317018,1.5090777532624706,0.2663409445481044,0.06874571374475161,0.17919404333152175,-0.3665513374150811,0.09647723451368695,0.0001,0.16460622970386476
258.01359171974525,0.5880474386550537,0.20147891754016667,0.0001,0.172051018221838,-0.5590962078140941,-0.060019133327532774,0.16542010435750498,0.10185704179868402
236.78447396409072,0.35466248943778234,0.21051178618991254,0.0001,0.14079063208090434,-0.6058089400785731,-0.1079381932715532,0.1378320498848459,0.0813086152077605
438.09695168752836,0.760324527390705,0.2240909322999577,0.0001,0.18017493348563515,-0.582458951116204,0.024488500029022506,0.23261537587013453,0.10966137331620654
141.81675046370157,0.34630149450513525,0.257440512985256,0.011448113882133678,0.08351685733453691,-0.999,0.06217506975176587,0.06653432029266793,0.08157637218220715
286.33799494229095,1.683476101806801,0.24925097082712072,0.0735925102998416,0.2029795237179201,-0.22509029045733867,0.041295802130585715,0.0001,0.18378567743881885
180.81854743680148,0.2811334048921944,0.3679389114830379,0.0001,0.32430208917367015,-0.5120236712019788,0.044352821755965804,0.10592881284370054,0.0701687002628399
239.00087316080348,1.7312777103880939,0.20019570570762313,0.05167967675422775,0.1280798615688582,-0.49754108874312863,-0.014028410243031503,0.0001,0.17351666092226756
357.4765851139655,0.7442380547814068,0.15318480481438448,0.020341807323438845,0.0808397058705304,-0.5034356251515807,-0.018220304953437034,0.00012653051234995808,0.09457274893506765
322.0438641879398,1.3117562816597303,0.21018203671041055,0.04054342516383343,0.17878998341244964,-0.7947769768571135,-0.0040100256385935396,0.0001,0.12607840155876252
62.35891068648859,0.6215677459158233,0.24383388006585985,0.011196522522711262,0.19610235512080473,-0.5865603478827399,0.011832691287687932,0.12057698623712436,0.10682051413766909
479.29445261444647,1.559234692407382,0.2213926720668023,0.0001,0.23544262090958384,-0.09617180273901345,0.08604882177706216,0.2470284250648234,0.16478078829894688
309.4819132388971,1.434795476552157,0.16701741872330322,0.002460277203336994,0.10812530636063361,0.29011269705654097,0.25585196345208167,0.20103678049231885,0.16279298409193552
337.4947717965646,0.7480498174923247,0.24475833342436634,0.01974633083213896,0.21584435879926664,-0.41519390691488967,0.06016932539874649,0.10835131497003407,0.10653946373031395
164.1594355042235,1.0865754822519884,0.17563986595194714,0.021703443987946568,0.1485045969616253,-0.3779293599568005,-0.04410857661206573,0.030821942958991485,0.12467513240370329
56.81581448520436,0.3541891670852914,0.24754368009579802,0.009358577592442508,0.22623139303801154,-0.5471579907512959,0.015764386034146347,0.0432310807471706,0.06286355909008673
218.25272849878777,1.85485090952537,0.15900443687048446,0.04905701444723978,0.11403878166265466,-0.9715190948154415,-0.20687218848447533,0.0001,0.1984400553852497
191.3680431155376,0.8727887226865128,0.17406089977402422,0.014077336421152198,0.09325953505564263,-0.10821321083501667,0.04135813447055328,0.0001,0.11099990877254921
324.8359451721058,1.3511910166991699,0.20263570177432816,0.01270270530532521,0.24491039264287368,0.4800551033719349,0.2718653549501605,0.1303177903532369,0.143119526652524
432.22621885915936,0.06467799050062337,0.3649559536314404,0.005481741008958146,0.08127336860041892,-0.6895353925471082,0.005653205106080359,0.03194745690007391,0.054480233219972675
481.8443943250729,0.3120215849021382,0.2575290379083843,0.014808522342584248,0.0441486659086959,-0.5763289848103217,0.07012869034629003,0.0001,0.07769260392324924
440.3154362978437,0.5614016311322458,0.30402216593387077,0.02547919564491357,0.2085158533362227,-0.6773500288496564,0.06888353662601758,0.0001,0.09320521487352057
475.9464626898326,0.6583165064592652,0.20596969478691568,0.0004553052149527572,0.2031469286071037,-0.3488733165642674,-0.08342265583700499,0.13838881038083953,0.09364688252697581
128.86254085375398,1.0883439885034674,0.18311204189854538,0.0011047096866113526,0.10821803449190073,-0.7487787527476301,-0.19032092442469462,0.38128750154995456,0.14707540686207832
137.17761739726723,1.697382464577515,0.20760828113093674,0.0679561304395707,0.2236172032018457,-0.528571148547616,-0.11526134260148875,0.06855040686692923,0.17665630423344691
60.53951820428658,0.7922308004905786,0.19397987943264583,0.0001,0.1913276076782851,-0.3834775658675895,0.020507185473969135,0.16987884327278635,0.11303448551090894
456.87200145921526,1.2910013335562434,0.16150734852912152,0.04214491061590945,0.20880621281713754,-0.20303218320404548,0.01163193159731626,0.0001,0.13921610970470935
373.5344286121048,0.11371100043747506,0.28530829713315076,0.004368283088106736,0.22041190236174338,-0.5632663632650978,0.007296440844468256,0.028480955516404106,0.03612146863314703
413.50007287800776,1.8706316029072128,0.2142740083835117,0.0001,0.37649858997003954,-0.6196861572942897,-0.255175953524722,0.2702111464096322,0.18764068549318957
210.4345450844609,0.984705180135204,0.15941428687114445,0.0013928205502005012,0.09875803164172632,-0.32482206882884146,0.006682559132710848,0.2492565457940734,0.12874232461840257
340.82853316442566,1.0599281412603596,0.15974741951988958,0.026447752511323756,0.06983259830603958,-0.5539054877987222,-0.013720335089379686,0.0001,0.14312835159696105
424.0821339717231,1.699705697696762,0.20022863966047352,0.04100597330350413,0.09340064338024656,-0.09326936816041134,0.1326532194097667,0.0001,0.18348852110261812
456.48364889034747,1.307231693589295,0.17012414414454324,0.03264061628490364,0.07018664335311223,-0.25869978309256025,0.0425808729156478,0.0001,0.15983203582770356
76.44994779835251,0.5507720060527794,0.2680184680649125,0.003014702192306517,0.43737510517516504,-0.8507219328933397,-0.1909763323843069,0.1492431072049661,0.1049220892166795
135.00696498686983,0.8576939180780362,0.17695058926545607,0.02208694484183658,0.06342968150190328,0.131290294903176,0.04126968089547067,0.0001,0.1099338752404426
276.7270888286398,1.0615971358018672,0.22187251011293135,0.04039654910398834,0.21667673379835856,-0.6374291077380491,-0.04133903778282163,0.0001,0.11998780961341995
389.9394855545303,0.6080602566709319,0.2130591805548365,0.00289232438017351,0.1692467281326529,-0.30384967861180817,0.038860672902737176,0.13653049731656944,0.09937190716668354
184.86573836593382,1.8676184209282227,0.20269387556977056,0.0609016135593881,0.09729279584253621,-0.9057960941273596,-0.06085252293275485,0.14400593017993985,0.20535526016946565
157.82169962205685,1.0120114776399125,0.14852880389628859,0.02857218494341243,0.11050307893763645,-0.7289571710515441,0.012769186022728283,0.0001,0.12941494946546064
386.58849040107594,0.9071764862500306,0.22603213861109697,0.04275064304703375,0.023235653242722747,-0.3922194877331979,0.1412805257764491,0.12557470857016048,0.12563714858747618
306.5529513193778,0.3750836404277375,0.28165786543307975,0.0001,0.2417948829263957,-0.517366942587099,0.034333237527432135,0.1113583941313367,0.08353691573109065
249.89372594392887,1.0062764772867907,0.2103547947706079,0.018198790945498224,0.09058404956283556,-0.530332140579167,0.12409623645481246,0.0001,0.12754186110612825
447.15443473537107,1.0748758625114603,0.2586073267572864,0.0001,0.1836292158967928,-0.4355619583071967,0.031519038738213566,0.23665168512030213,0.1342612954681213
205.97617472357905,0.3073164407557818,0.2965936770339357,0.01324349831179095,0.15664093670704174,-0.664343315549201,0.00865023779920195,0.06802839216160982,0.06819103326018941
272.22727448586454,0.1876181626847771,0.46104730770583,0.0001,0.2811395384419596,-0.6449154901127644,0.09963653696175818,0.06542943378554582,0.06601330921200427
436.5275106551313,1.308128742799595,0.21757325173207206,0.050642779679586004,0.15400617859534088,0.11510378187663661,0.13520231945141362,0.0001,0.1531480479981207
147.38262243347413,0.3285995535892827,0.22369428481530992,0.0001,0.10060390680822649,-0.4044697617340209,0.02330377384348389,0.1692863210517012,0.06841315309942665
351.10025249838105,0.9531164965589782,0.2260881992153632,0.003614124457077765,0.29812814219307665,-0.4110838449612942,0.047250741576905855,0.09039844624087161,0.1020776165435598
368.6948930200696,1.6176184810295562,0.20063367728828504,0.06294312977117097,0.1936514117670582,-0.29046839876449104,-0.039056069270767484,0.03395368640541351,0.16569221313324195
296.82275636977784,1.0988691807336137,0.23499907413828433,0.04473273642680534,0.11802353456932164,-0.24785486705387852,-0.04505558844106732,0.0001,0.13871142990028212
459.73461524432827,1.812640562427727,0.18446409760417143,0.04252745179132739,0.1532057388817317,-0.17240630018002864,0.06537985581337652,0.02441909141957166,0.17597423348587926
364.70266484069725,0.9202954012112637,0.24041675847639027,0.037462314001086204,0.29900340747063775,-0.8241814862161364,-0.04853495054722794,0.09422891494082442,0.12384850259388658
252.85475223357219,0.13604602795797743,0.36658529086685937,0.014572919388293557,0.1000629256875268,-0.8478274007097581,-0.03042422750465706,0.01980834265284625,0.05926496187864233
63.45870237040098,0.2673943659840373,0.23473905133105563,0.003975410259298495,0.25950885710746213,-0.7786672733481037,-0.07222338462830885,0.05707858959904486,0.056847867397727576
429.1351274972378,0.9501785940336269,0.16796425086016287,0.0006857471392361358,0.11645289713934656,-0.27956386700023317,-0.039348907544981576,0.2231014054337337,0.11439154153361666
280.5970720800153,0.4512359456311899,0.22270559494052927,0.007198481077163625,0.1520803649340827,-0.7517547198676302,0.009513068286516135,0.08306665377707909,0.08666550927816016
342.6723242884936,0.2213467526494906,0.36239020053915877,0.011668546279902629,0.15569633821545725,-0.6557965253731141,0.08479450518830633,0.0001,0.07095640087452888
96.75091560233871,1.5914510120149892,0.20536046821786347,0.031850423074308035,0.23604374410665718,-0.09914419276703779,0.030848710321985922,0.14541955575395113,0.17685723511527987
70.35080714515203,1.2655902619576862,0.18279701568841386,0.02464895229242274,0.11522829532004912,-0.2801941109918656,-0.004664214673337927,0.1316075997009925,0.1371692422052515
321.45056821005386,0.6774469569297271,0.23572429675302245,0.018394562768166183,0.16472420400716611,-0.6292287559145529,0.04070345988646867,0.11947387693562632,0.09423310118095615
151.67919376572547,1.8309506034647234,0.17012245398501558,0.03700134653320036,0.05742642903923715,-0.3036546422718154,-0.013854446387977603,0.0001,0.18645977949253734
424.0255836709816,0.2026306306900647,0.29893309218226327,0.007857070589509584,0.21513111072737437,-0.7229065896875432,-0.07662053042232667,0.05910304727048012,0.060816092287078446
241.6817898441867,0.8494206926092422,0.22849690313307333,0.0015897220105774185,0.2867386575977561,-0.35436080979618634,-0.014161158958613307,0.1571689495032183,0.10968467905173412
292.75036116806814,1.2885910980712643,0.20401606821596327,0.03499809797591503,0.11677987235803834,-0.45549507826745383,0.06295574207603215,0.0054718564230872395,0.14086378740979624
479.27223631010156,0.8528942245839511,0.23655455013224613,0.0001,0.1823256155848305,-0.11072811169425666,0.053095542268540546,0.2300317317658917,0.12960906342768724
94.93198917380765,1.3712852625946619,0.1473879900609373,0.02910775408873731,0.09298733560451361,-0.23010101309145745,-0.010164571007608762,0.0001,0.14969298627405184
52.04802499496463,0.08626136627803341,0.2253380681152424,0.0001,0.0988639058443459,-0.7242682029351053,-0.06774650411375129,0.04474528296239687,0.046737007719575493
473.1458523914388,1.3354814556456687,0.18304255142524642,0.03967671871642629,0.08882884516707336,0.06969784170978922,0.12419212726122561,0.0001,0.1426544676249282
432.23110283408084,0.24169944461317272,0.3281186301562653,0.018902457887340518,0.13791910052674214,-0.7385506453801636,0.026571466728214792,0.0001,0.07767993611799513
448.80755901962965,0.21352313804319223,0.318130812254545,0.00340386053040553,0.22164437023389139,-0.5525034297585312,0.054239517114356844,0.06693395600215882,0.06249183943681589
434.3863757721841,1.7308772747744288,0.21546962574716458,0.0018116395536771775,0.37862087496262753,-0.34293136126586893,-0.004220759574250675,0.24983004333920075,0.19378712419952437
203.67528087572575,0.3297647146406763,0.34647423573706604,0.0001,0.2496100636502069,-0.6222356082295051,0.0757752751107729,0.06351812662043325,0.06842630877299546
242.838970370473,0.32848703831025716,0.2736939466910402,0.0005570529553226418,0.1805608613020616,-0.30277655152730804,0.0421544800035462,0.12305550213041415,0.07259225885155313
124.52854802871025,0.4946914005718773,0.2869508137539424,0.0001,0.29659275444621414,-0.8339157815456418,-0.023609147270328767,0.17031306883019334,0.08912151177203564
316.68597781635395,1.0216018234665047,0.23116015254203673,0.0001,0.25765282244316806,-0.5958474477561297,-0.17117332072576077,0.16721952592932354,0.12530590363778357
375.78558370901516,0.7531416086719687,0.3047819101154949,0.0001,0.2826876376579432,-0.45019462584743786,0.10464302207680272,0.1788072490716001,0.10513373997046692
86.40105306788564,1.2705920649890272,0.1663830806319787,0.03368967539539641,0.07787822956058431,-0.8963212395091734,-0.0234681376034124,0.0001,0.13962925387338557
426.82987055225067,1.1851628382973347,0.17430767160005314,0.03676344599988736,0.127272631668509,-0.34176828637693446,0.018002511838864747,0.0001,0.14162106635289917
212.92406224143954,0.09851560640540835,0.3835335155131426,0.0054323747833987185,0.1781461450728133,-0.6369369939882069,-0.05706710689719698,0.06057913628922172,0.0472864133479798
238.80609316155596,0.12609259273102635,0.4856477319791914,0.0004749569417376628,0.1631320948019109,-0.4894945287540362,0.09468384048268581,0.10460058760078948,0.05304790354525146
357.3472388464782,0.651426513673697,0.2583807211012844,0.0001,0.34227829331598,-0.5489493447623666,-0.10006133676270727,0.12229673715097128,0.09144872397349334
108.89997803856505,1.3138342945486994,0.19597894886683231,0.030360115811376393,0.15250180405200026,0.2993331098749576,0.20658987310765306,0.0001,0.1497324668190829
470.3779113049192,1.854515883497224,0.2026495094187632,0.03537100127843295,0.21111183867206595,-0.49623995305599805,-0.009369374660495445,0.1521974077791566,0.18959905504166422
122.02192757641723,0.5477962369137939,0.23034684389592325,0.0001,0.22609533591264705,-0.39911493131371156,0.05630080688582271,0.10489903594274938,0.09330821643258998
303.81397528153695,0.9365845651477418,0.17842286832943183,0.0027869848112407423,0.07544599884580917,-0.2254665282123198,0.016790308543536137,0.3366202887896018,0.13772473755617023
296.204429344231,0.8437529737406098,0.21857713754255984,0.026497233081896415,0.16471079530265106,-0.5683054399848334,0.0689749798684248,0.0001,0.10192900264308621
96.01813340721728,0.7838917036718996,0.17278382025135902,0.026827636862644524,0.032984655698089595,-0.895038042667402,-0.09648226380142072,0.0001,0.1228962380093842
405.1821612251852,1.0471624494958298,0.1851263655525099,0.020534874897273427,0.10824025873892262,-0.48614745844508217,0.08363734436893307,0.0001,0.1200138607610883
173.74411128226956,0.9851423582717821,0.21350737638995532,0.0001,0.27240732724004824,-0.5932188468745258,-0.10883218766175994,0.20678331505416198,0.11218191247706329
64.69419619174464,1.6191026289977877,0.23131226503340563,0.03127699446928022,0.24542998481909448,-0.4167872758233074,-0.10963777840216621,0.19262279864436324,0.17953497306966265
448.2471925278859,1.434213385178189,0.23923074642447992,0.03576320035907612,0.27389658083821283,-0.12170736226799422,0.008854754941559576,0.14241140827967474,0.15799725681649615
308.889196858393,0.394944832835259,0.23162605950021312,0.001723931746531102,0.14153474704677518,-0.4671130455244366,0.006261063398260343,0.1128383207604787,0.07154664709656244
240.3009314971471,0.21888064092309445,0.3720449826728068,0.01136505515546021,0.2626395713905962,-0.6163045533870843,-0.03800541877315405,0.07122326042779993,0.06499836027254062
174.64183628315902,0.5858473770726182,0.18679908463575295,0.017083555055948975,0.12523817053661424,-0.5340493179562031,0.026724131986702326,0.0001,0.09606222152387232
59.45989588776434,1.1440646820412232,0.21436495274232814,0.03510423834623324,0.1919662923977183,-0.5135513773777863,0.059699488985287166,0.05539877297001097,0.12522735580302458
236.05170296495183,0.06437623545671808,0.8643292149035733,0.013629521369483288,0.2420118135630596,-0.6880593873639361,0.09407631045872351,0.02266558023611565,0.03441813182097389
169.2020517597688,0.26260005176210877,0.3180762658782375,0.0001,0.2772454897622398,-0.5709746037856456,0.012978608724535094,0.09145060811830304,0.06718808544320538
483.41296115677295,1.3007227182430114,0.201488241438395,0.03278946005477958,0.2505334633276543,-0.5705780454682056,-0.07197774947427467,0.11915756055673228,0.13934510299258027
441.9032109474217,0.3624292752591889,0.24107918919988244,0.013815167187806404,0.09901935221619995,-0.3372726611018987,0.03394609734517205,0.026210098698350417,0.07518354543019505
146.24217326058144,0.25337807041278987,0.24471229783770998,0.011565782489552576,0.11982323090823921,-0.46974001253313075,0.013027816495256547,0.024490383780055382,0.05945723535358332
455.10939662862677,0.9218387000311495,0.22419831574065144,0.03288797536115473,0.25538909638708607,-0.4327615347660172,-0.03086779884137116,0.054886713075236654,0.1141270505755841
79.49069435716362,1.9884464270199895,0.1316887344235283,0.03134523094114965,0.1549759218408896,0.8352744546004565,0.206958199664079,0.0001,0.20300419419054458
146.1168256340546,1.3694357349572412,0.18328253918478193,0.0392583031741961,0.0752236132208437,-0.4469498845712369,0.06879330544083266,0.0001,0.16265644224972653
86.59369630993783,0.7148215562824249,0.2614504264585852,0.01112672704777721,0.20298269136659478,-0.19454757577850612,0.14854894861208554,0.08468400040511088,0.1014976044314597
228.31035532924327,1.6155457342310398,0.23788215507242338,0.0001,0.2938358911349909,0.00889432595520299,0.051743788948477226,0.24345272630348255,0.17173624466935505
371.1528853268009,1.9618052113178133,0.20216874398625712,0.07060492225448482,0.15962372148477866,-0.4685672467791283,0.09646800846200777,0.0001,0.17460495752044153
412.66491812708927,0.19838813187238735,0.288990059748199,0.009239502735052092,0.05757117224023052,-0.5492809434722938,0.06500319810449587,0.0001,0.06478875075907554
485.82905158529036,1.9759530098728904,0.20579348234324962,0.07493528809051654,0.19142270342534004,-0.2273978066763561,0.12143814201788097,0.02048273862309093,0.21370786634706423
206.10174350658826,0.3500075412210557,0.1421003374658234,0.007151540927557352,0.08623799697262956,-0.5800801716716403,-0.017018284311628374,0.0001,0.07270653617180954
404.3977029516839,1.6802360831006615,0.16106439824593238,0.042661193720730094,0.021114292199180748,-0.532456831383234,0.020769646970684254,0.0001,0.1853737279463332
225.2769258653371,1.0257990546018416,0.16637308969778927,0.0055262801315024606,0.16669395323034442,-0.21017767778720683,0.006824705967039482,0.15876661583909904,0.1181955363690915
181.07836958331552,0.18466633952431444,0.4579510989481974,0.008291212411637995,0.19362878090063682,-0.6717723381995911,0.10675755176436827,0.04277257158931916,0.07177446739477387
408.0825220013666,1.1259054635366708,0.18054972840126732,0.000373456772885722,0.13147285004229964,-0.29567075749933514,0.06448022766919216,0.25188510752663795,0.14349976413797294
60.3265364913444,0.6003294697714399,0.2229837142800909,0.0001,0.12369419886071252,-0.23902667653683302,-0.02000422060770543,0.17501277770785215,0.10186159491463022
406.06574602582475,1.9724728006205174,0.22314910540195973,0.0070912469776927885,0.318818498567834,-0.3554480646637217,-0.015355981413281532,0.2647925018666525,0.20689967733175227
119.1884380967472,0.17016867847277486,0.18162216532327385,0.0040300755302192124,0.16275571688280938,-0.8246687304981537,-0.05672849695743413,0.022425501342378404,0.05136172774034745
390.8336844309788,0.23122974808277263,0.2907125877846703,0.007642293647360207,0.1384292699552422,-0.5650893957963401,-0.053294312544252896,0.07182130544979862,0.046434858034132526
125.63881515023813,0.6662030291299927,0.26931874857835586,0.018199226785695712,0.2941281542964272,-0.5931405167630232,0.05895272456488901,0.0976908048802017,0.11469691652820976
287.3032711713188,1.8185800621959183,0.1816528148876431,0.03430402687258003,0.08348094985758824,-0.38935943145625623,-0.06890187814221485,0.0001,0.1990074335223602
426.3678905336738,0.43803973050114464,0.2632662207833852,0.0070229902801273785,0.12918862915594437,-0.8856954397859371,0.07461191851971025,0.04564534022941348,0.07261491197038339
98.39949066107249,0.7265582629776862,0.2653719276270352,0.021847803513485944,0.2245567457946302,-0.40744105860218804,-0.038700259978975755,0.09655809272260231,0.10009172372651917
438.1701442721628,0.8500058707878625,0.22218086045289523,0.015272249777268005,0.27093123425526655,-0.6608525456523627,0.0275422009731517,0.09155776273466308,0.10503352538813618
186.80866286938397,1.340820825115539,0.19066592665806004,0.02512846118341839,0.10531492491369873,0.2265041468189597,0.17931658296868447,0.0001,0.1373850538355829
69.66544091210176,1.4886487332775034,0.23938686083691485,0.04709206810802586,0.26894018126691716,0.10279232949813072,0.15171094887573142,0.0001,0.14790553702532633
401.324647879335,1.9008470211993185,0.20539354933696988,0.018750681537450537,0.3174611602437337,-0.14941970039886965,0.03945270175476481,0.1931536396910392,0.18650894247681757
465.77505924746066,1.096298671276976,0.20210139473155145,0.0001,0.32741745833906283,-0.023900069080051108,0.1279919331273038,0.11981780257896979,0.11239491347755154
353.35740892108254,0.6214354373497182,0.2667912477794384,0.0001,0.19164134562996984,-0.6032714645966041,-0.04024691501561363,0.22354250104052042,0.09702680598528556
206.53647611800878,1.8981026525933808,0.1288089668546175,0.037921591581390995,0.05296828817744982,-0.12052193217548236,0.01392140173962843,0.0001,0.20757931905679905
223.99873683429425,0.08340207998366186,0.41180099574177537,0.006235724582747269,0.209730433494511,-0.7467653440898129,-0.08509933196571384,0.06072268069741548,0.03987227835912626
437.12952901222417,1.6470823480210746,0.23610715531406357,0.0007885881618206827,0.25271252887241286,-0.030812713236256176,0.12679134281027735,0.2510964763308271,0.17291253017260205
358.5813991955981,0.1625885859739527,0.22253830471954225,0.0001,0.13290630529553316,-0.6209772021316332,-0.044198861050580684,0.05189352825632964,0.0513383940210255
97.00623425980575,0.47432919737989443,0.2528848831625503,0.024208940501912465,0.24057978129571436,-0.5811744881736017,-0.052150537842952496,0.011693052445379631,0.10164078243578256
447.7893991656593,0.940723591917782,0.21635563184301534,0.027262838370508476,0.14835621370623223,-0.5771482470575704,-0.019540168327679804,0.1055528932562082,0.13693378628282435
288.28870623929834,0.25790735428497225,0.21467916435410186,0.006027149793066288,0.19513590127536448,-0.6948493431893025,-0.06125784654795569,0.019474694439002228,0.0693726952753796
174.3838857156644,0.9788873316543132,0.17752335317007029,0.0001,0.1536700415377076,-0.6210652806566134,-0.08468645075031092,0.23717378168111944,0.11603075878563325
439.85941782266445,1.6010453186791236,0.18480049174538324,0.023814624495503152,0.257251714260632,-0.34504233778295257,-0.0750141436030146,0.1015514543125083,0.16654376426206496
293.53871279346436,0.49554485241878005,0.1995050215636195,0.0038054863919881592,0.24758372080689814,-0.5798860485742666,-0.023617253728130037,0.08907866456124469,0.07109564377352653
174.07852334265732,0.4788456988817846,0.2624207565405248,0.025676545048414674,0.19061258007519402,-0.6259319053676751,-0.07695484048473215,0.03359708105676103,0.09357777738962261
179.14591144258748,0.2556755456866992,0.3061730324877088,0.0001,0.23763835756454166,-0.5775999546548247,0.0017333503307992537,0.10148308688945505,0.07631341982096179
276.46074967372766,0.9330920284521859,0.24783435275575266,0.04008153035709654,0.2339387985144509,-0.5867751110853934,-0.07689179666903063,0.06329119128659158,0.12069825106738007
141.00395994533417,1.6891162837669598,0.22253218272952285,0.0001,0.2706880184219069,-0.43981253373592,-0.1232999069637708,0.3086881635516125,0.19464614060631558
285.12447299725494,1.3715825053355994,0.23625359833677875,0.0001,0.35352430198534934,-0.651394651086029,-0.13655039344722356,0.23350851582598717,0.15937265282480367
291.4763588351474,0.4030193561401523,0.29149901220956514,0.010396068966523602,0.17236860921948788,-0.7064799631204132,0.09719177293180914,0.03615472846428039,0.06498593004379581
440.9427275075793,1.5638783685945317,0.22187290895386522,0.0001,0.2768533509881852,-0.20584939661358476,-0.03389369329138288,0.20863734021005206,0.15239931176588192
99.24189958027972,1.670068191885006,0.20140847220180846,0.0001,0.21027572155715962,-0.08157874906626152,0.09380001902598818,0.28038002886572794,0.18565147828796993
425.8892997312822,0.7747133438894613,0.22353398181563772,0.02392294595894402,0.11431960568653532,-0.6622604035883938,-0.009932019132575657,0.045078094342280606,0.10602861666636842
105.42728586169088,0.5955373707119178,0.28670161625343094,0.0001,0.35231725717955725,-0.6267138829039917,-0.10763276424293361,0.1625050904043633,0.10007553836459074
193.33018883086473,1.463180362273709,0.15756928423821284,0.03855407389943861,0.11947814197870349,-0.34244673905892997,0.04186768625519218,0.0001,0.16854297432279372
124.04418334223351,1.649118466801149,0.18834938872457258,0.0009895782041820958,0.2636992645066002,-0.15370663173159027,0.10397938422249252,0.2141888594604943,0.16545080138634574
312.3747647415879,1.6520687867929187,0.19206922549975133,0.0001,0.20587233672591193,-0.24732309711335107,0.024849207645003604,0.3111926139108581,0.16104585087231862
84.6618387158106,0.06656776810286413,0.5871769867301596,0.009648863418886598,0.2851043293204115,-0.790460753497031,-0.02734888270746739,0.06393363604886503,0.0674829944167757
326.9066297995704,0.8401030685087888,0.23161602270072618,0.0001,0.2900191163623617,-0.42782602390859314,-0.05825679711601043,0.14460004981633326,0.11256039160790071
436.6085019121403,0.4010155080241421,0.23232349891960197,0.0005631813481768474,0.09958982631939854,-0.3056270951297487,0.1602342456714135,0.08369973372149318,0.08455445542494794
460.398943088262,0.9141596610157801,0.2178493906444658,0.032544548765687825,0.2924985677672623,-0.7732510545354009,-0.037844370933489024,0.06882191431103524,0.11732619759031764
353.2003383254452,1.1550380102895217,0.13390383633363664,0.01718595608393542,0.057704152780103914,-0.3491640969860524,-0.04137438892674591,0.0001,0.15523370262237038
493.1089088964177,0.23257061061725381,0.24877746077980414,0.010404295338325204,0.09941583907728578,-0.776944667686387,-0.0846682287506037,0.06814904378848591,0.07242517439766154
457.68923194323787,0.26320257469512776,0.3280707988441259,0.004764594531334249,0.2553209733573815,-0.590809386513663,0.03887340704228336,0.05911586981361093,0.06507600981731165
437.5324240286671,1.5460841530517186,0.20290395144653506,0.0001,0.2652009700469927,-0.3225831265067483,-0.10871944606376942,0.21057498675004896,0.14911951507584886
443.1322632883972,0.06960915560798277,0.39153692206685975,0.007235473361464887,0.08861269825041455,-0.7624451675691067,0.012649899638696423,0.04761263016569327,0.07349845430311865
83.11432912024932,1.5956250544845274,0.21257487956801052,0.03661244490765162,0.1211739070517028,0.3609525004433057,0.2090863812614426,0.0001,0.17321121122234048
427.20250825005974,1.4695499971746169,0.19738062891177682,0.0001,0.14729783814762065,-0.10355881608614467,0.05012141174375893,0.2304839869191917,0.15925859939621326
279.81589116862926,1.3699285468979197,0.23763249421542793,0.0002487349128618299,0.27168360301213484,-0.2080082723792979,0.08350619372894943,0.1961873098673052,0.16778812975115134
429.49192436649025,1.523451299529408,0.18608815172516638,0.049254590769526735,0.038786601077731825,-0.8073919822479786,0.06902778249604614,0.0001,0.16662593426619632
114.60128877831306,0.066173680188141,0.3674236741971319,0.00023084626090148297,0.050914436615039436,-0.5612923278760255,0.12262747379459955,0.029543126755252242,0.05693204890557219
315.7050631887057,0.1302701543627202,0.31284497639505593,0.004656823079849675,0.13244348863692693,-0.6340614657884119,-0.1058492937685767,0.0498485420857686,0.06263461143272325
257.85450895473485,1.9586505196579425,0.18772765838015895,0.02485511722098569,0.15223189980045748,-0.18462599633873963,0.0464302314601574,0.16851042350369083,0.19201327326575424
342.9503334966956,1.3239117385103285,0.1833032424705704,0.0019180063881580596,0.11745397849844703,-0.7386934009567254,-0.4657298921775112,0.40363656769519995,0.15706353134662715
78.36255332708251,0.5743990437132027,0.2372523705408009,0.0001,0.10075863694498713,-0.4507379864010668,-0.02040427423141807,0.24106982916131925,0.07943808029930381
379.43864399274423,1.4445675820136825,0.1761053252963808,0.03393688496297355,0.07474972191588422,-0.700334167031388,-0.025494078884831375,0.08770616690286576,0.15919616389860025
81.34167230866088,0.6004268405373386,0.21141032642425706,0.012901679725083723,0.14661238852747974,-0.4985489967665815,-0.064101158429651,0.08401579002977287,0.09892617808527202
379.24231001761905,1.0232414717009763,0.2276725819666599,0.0001,0.2714707113603762,-0.6743301434098524,-0.15753087300754856,0.23515036463065175,0.1388492068256341
256.0122575784739,1.777608683465647,0.2012679139811686,0.04505698031964562,0.17979116526229755,0.23774850657831784,0.10997828518273353,0.082141544986227,0.20406618176097646
368.8232586399873,1.106878622957282,0.2874497387869708,0.036397769907039905,0.19996491435277805,-0.21816559611261305,0.20356071524431676,0.0001,0.12866483455907843
247.6160462408493,0.29252085686682827,0.2571514706140479,0.0001,0.12600807549146562,-0.49376405035040694,-0.05456660520868056,0.1438270675202878,0.08606814877119086
447.878353397665,0.2237807414829222,0.286537381283549,0.006593912088422452,0.1366771732897224,-0.7347246102327067,-0.03496694555266214,0.06725823684076895,0.06536039334363533
246.25834122514473,1.3352767254521758,0.17430036632179816,0.0001,0.22403081546604262,-0.431728463565692,-0.01453537981488254,0.2112432622135137,0.15757523997431877
424.09801843899817,1.5609908459631572,0.23322242142413266,0.0001,0.26993365677918785,-0.2821448338184119,0.007871633112614188,0.23639414982179993,0.17422865023141285
195.94509733977716,0.06413140447589774,0.3400128976085886,0.0009984833168660855,0.086081202917213,-0.6564315413051185,0.012960973175896442,0.07456668994166132,0.0738795274936065
438.93042723028384,0.12291508632159605,0.49095378150136243,0.00047043117077377066,0.20746860097868958,-0.66874402277037,0.040132488843462814,0.12215433318511275,0.05082556653693859
410.45487260591364,0.14861466219466762,0.29713926057381707,0.00556434352025583,0.2248090537880472,-0.6407933092950336,-0.05398805522939552,0.04822314197750206,0.05858449901897341
277.4850380001948,1.9503992066930445,0.2199192616258633,0.06502125433209774,0.1728892070070736,0.03741280689649877,0.08242087583273844,0.0001,0.200269452749806
168.27739981980955,0.4608818635366659,0.26772070113284285,0.012882105239388653,0.1892636229718301,-0.5460018858351858,0.09796948660892077,0.029126947014004225,0.07285004502880593
328.03657219454226,0.8673360542994808,0.2501791479244663,0.0001,0.2519839244886812,-0.3331035199928338,0.01906402947203097,0.1653513097701337,0.10741368028063676
388.9722721948519,0.13948921314271112,0.26075329473412345,0.001404286016160573,0.07611792457247704,-0.5345869425785791,0.060747930227681865,0.06414201531538243,0.05272274507881671
62.238548307609555,0.6102880001289052,0.22370609038071068,0.0001,0.08277029514100534,-0.13451186037970833,0.20162669817771595,0.19204913786507607,0.0921627794514593
142.85859984730263,0.6174727076128425,0.25217162016988964,0.0001,0.2823875291931525,-0.21772417671861155,0.029795704657663565,0.1305551361341596,0.09571146899307008
258.8311677514787,1.3579416244206906,0.20488310320877343,0.033715317766445936,0.18894601733438557,-0.3903636151694929,-0.04065218377696579,0.12065117069528412,0.1690547468210918
54.43345985928292,1.644488376009274,0.19403223879199843,0.05267198319443918,0.128663066602061,-0.31196022601165574,0.12412258450220927,0.0001,0.1542684200533948
146.89165728960114,0.33010489554970085,0.28131692627958527,0.01793806949344505,0.18126999862462556,-0.6643463496836737,-0.059587176186944694,0.05558924327963381,0.07265142507209738
154.8120979623476,0.6925310288320146,0.1916681874664534,0.0001,0.09938718706413878,-0.31371623921888153,0.07721195001531267,0.19919234857920604,0.10129782370742399
53.09294421958819,1.8479519992798845,0.20347334096037165,0.006278498796133571,0.34705894424775674,-0.28721688266218326,-0.10651185279831658,0.20211860600826706,0.18846732011299008
237.91526225608206,0.9184640764020858,0.19121052574768294,0.029899073852850264,0.1352651185956401,-0.4782224268478724,-0.039588082810594276,0.00483608248714135,0.12467624077307603
440.4286961261578,0.361459298965829,0.23497221268450053,0.01970711008713034,0.11984799451530152,-0.6439072604072882,-0.03054497553069093,0.00801142220685895,0.073902823468359
151.8565036732959,0.5533380082949563,0.17489956863396722,0.019001917685490394,0.1483588067622325,-0.5201686726550517,0.013594016162097008,0.0001,0.08271036892224391
95.06130357702142,0.7237275126668408,0.12457611702426576,0.007945835858328075,0.0756937972631469,-0.3423509434605109,0.013087953716701003,0.041760564457484495,0.10539734007217337
255.18354325389907,1.6776582891267895,0.17691741544383993,0.005152276916626591,0.24346180489967778,-0.8039854418414124,-0.280826702245883,0.23068417931139637,0.16441154441637984
332.5309133017361,1.1810886931115439,0.20612551029942722,0.03472245148155861,0.18159610330530296,-0.24110882502921874,0.08277501858485063,0.03716397050842282,0.13546817253255133
492.59629617559057,0.46793916790542295,0.22524639283017436,0.017489070180181976,0.10301255282813315,-0.7541492235328875,0.03710755733935157,0.08114231215879791,0.09621883519128958
424.2958231209937,0.9368744458362208,0.2167409428885949,0.0001,0.23400524046549648,-0.44488869034127726,0.04871295214762986,0.1573034452234733,0.09425452113927231
351.9023722246948,1.0527785976363657,0.18754286512699284,0.03742522619331207,0.10412749532807714,-0.4665154072001427,-0.03777154848042421,0.04965024396829234,0.12820076104121003
252.22149753036607,1.7343693422006405,0.22422135437764432,0.04427321472971206,0.20528003563642166,0.31080738272144803,0.20692599263024058,0.0001,0.19554595760307264
161.84127536688618,1.6490560838011146,0.13736144553889862,0.03558231570641495,0.1223388272325137,-0.16127885949619306,0.013892861910099875,0.0001,0.16441430593954096
152.45084776778538,0.5761792910960357,0.29024359166072916,0.0001,0.23249150466665286,-0.4058990646933693,0.10827971039760337,0.136390677520967,0.09708218747173095
128.2533849798969,0.6856646569883917,0.22223235740457412,0.0001,0.24385242908360746,-0.524371376576687,-0.04006009891140792,0.1457617263100789,0.12321358287867033
386.89786819282335,0.9265156596424076,0.23480362281462547,0.030777755880844783,0.16752249626556293,-0.20223922450774484,0.07646092955766977,0.10044796884101868,0.12830287622372585
119.4331421938821,1.0775895519697833,0.19148446721628437,0.04123046855133643,0.1522673072193571,-0.3281650291829978,-0.008096996031080082,0.009812873936708995,0.13643734460180257
381.97032599758415,1.8729875452376328,0.2210225171637386,0.05963959776206966,0.21126837673865514,-0.5600819853678868,-0.1484406662974473,0.07909572369404906,0.1838893725895333
387.7915153732701,1.5557019173546864,0.2119791024868567,0.06065766265951703,0.21080258995426218,0.04026029620375934,-0.015875685362846795,0.06354357640683163,0.17514367463641742
98.2344779593378,1.8758911777771885,0.17607617964133357,0.04577883284218632,0.12036731645585218,-0.49553449427126345,-0.06907137579857907,0.0001,0.1662094185569059
225.35002650398508,1.9226730514597754,0.20452416389245684,0.06844067440834099,0.20380858535165647,-0.1395499189402332,-0.09652492099135486,0.0001,0.1776843725160202
498.9711089285743,1.1433196196708602,0.21752521285972745,0.0006865418069541711,0.2767249559757757,-0.2302219304575679,0.04582455138027557,0.20497096029037473,0.12559012965800784
278.4102470282207,0.27629080333225847,0.31060926976910314,0.005922740217550143,0.27298715527201295,-0.7201900195984037,-0.06967199066389405,0.1177148606312092,0.07598033588024952
282.538881227741,0.3735239291637712,0.16401293457048552,0.0001,0.12513573580161552,-0.5261601418973323,-0.10148286943563502,0.07733820737028274,0.06723153278669237
114.81325894771511,1.7321449178498884,0.1597185370651573,0.040508712378974514,0.2072342403127603,0.7428732841380425,0.2338410079527612,0.0001,0.16985333693544297
338.10131382397935,0.9351082058136309,0.1915250833510497,0.017872707846296774,0.2426057883294993,-0.361295751595831,-0.012235233601226797,0.057342052246829756,0.10505566340511872
301.9100284004238,1.9228172827564773,0.12931000634424086,0.03999748004516694,0.030646362938001628,0.1190464056075423,0.013688348902043979,0.0001,0.19633880206463644
483.04037068146476,0.5642273353484074,0.25821185971717253,0.017895099539302132,0.24486014112156215,-0.6650229640258651,-0.004400628811923014,0.0731186454537103,0.08550403908034053
83.81569126806559,1.7078293357636614,0.22012250811307213,0.0001,0.29482465066343544,-0.19062559889082661,0.0682393247275126,0.20561311295334486,0.1428223629482052
84.12126164883051,1.151766004193548,0.2459291227126863,0.032262968852302246,0.27395953743275525,-0.3917708803229721,-0.10664076046550816,0.14391069893479425,0.13931369495645957
441.5806938649577,0.2317357221015221,0.29262209789036914,0.002585561318238692,0.1888135882985644,-0.3015277134451151,0.06443073815042569,0.112164754573079,0.06880870326269413
178.08947830818306,0.18184319648091957,0.3061505461744453,0.009847510140419551,0.1281911696823919,-0.6482194994816848,-0.0048456398033742045,0.0661648914683284,0.05265758565955934
117.72381049809707,1.9506339512483897,0.2623945088964233,0.0001,0.3105966085552292,0.008443175730197969,0.12069116182772725,0.30361660512540656,0.20905464242744565
224.8334854625155,0.37716906737742606,0.2052919115478168,0.006159383654907078,0.10466070403414514,-0.6700922556525717,-0.04640018928160139,0.10129508054552451,0.08316849616428149
472.6243474486277,1.0366582736259737,0.2633373796523952,0.04227766282582699,0.21229101437587805,-0.7409696956002342,0.04663975933042231,0.0001,0.13156618925066274
77.94845759729975,0.25303390147826454,0.20566326807997257,0.0001,0.230592133755399,-0.60506380927135,-0.07007198747637913,0.07524365943958476,0.045395516518030365
261.43689233621245,0.7351651444432518,0.17390835402178917,0.022625715835915723,0.19486626129819937,-0.5859285529368512,-0.011585971102264558,0.017671318957700313,0.11293508256225263
56.2468413478437,0.13955827867993478,0.42070256082148394,0.007276162239601387,0.26390413954219155,-0.6437010757600873,-0.03356154342894167,0.08539499860061,0.05176426706835102
96.51446596722468,0.4873588649960955,0.25372082253485934,0.012020421671718406,0.1482797505562303,-0.31465296930842757,-0.055139622719210156,0.08326302601473894,0.07582387646638808
209.14232829467204,1.6561878338636695,0.23356924546234473,0.0001,0.3622577233020708,-0.4960963024588063,-0.05850991337459866,0.25051599569249133,0.17465775645208545
256.95526810773185,1.5126800280760344,0.14849125678576272,0.044828231327024376,0.09088459641950239,-0.03992988899621992,0.013789773101741171,0.0001,0.16943954086871382
298.2998480605284,1.361821975758835,0.22926899200219694,0.0001,0.24975660488085938,-0.673379445944281,-0.1266889193245057,0.2146943100556966,0.14799433252717756
173.87005610303106,0.8513155542909586,0.22137362204975028,0.024489060154340225,0.24572323196053486,-0.6890667476456753,-0.038849355546082945,0.09087289705092826,0.1297895045023079
358.5653508638027,0.3240456528063186,0.3224349492233521,0.013312302442705017,0.18067731238828844,-0.5904146035694282,0.08328482913644951,0.0397129026156557,0.07012846469914961
165.72727953164798,0.28781347493670917,0.23470591695818105,0.01286755771362044,0.12470552753609786,-0.6711017856912469,-0.06890231393753674,0.0001,0.06328471246070295
73.06084000977233,1.233692673686253,0.2345941008440997,0.04612948484137754,0.22366428622444998,-0.04530513073004145,0.15166934701705065,0.0001,0.1487685538945287
348.67816997333387,1.4721884019219538,0.17262917883423373,0.002172387767154754,0.15814083262233414,-0.28692392481303797,-0.08435987661944042,0.2965877108390587,0.15703887606935793
113.5673123828816,0.17633469450815448,0.12129561924029675,0.0024012273488250033,0.05914470499804924,-0.7885395291258892,0.004682411299106155,0.0056717632799577165,0.06013731108239144
348.8024954377543,0.6469576091618948,0.30921057851304523,0.04605075124091121,0.21847607516140943,-0.8503039785278339,0.047044972123031555,0.0001,0.11639663946949083
405.8944743828824,0.7900215715074846,0.22287248841219073,0.0001,0.23883968065781042,-0.5357940380468434,0.013186509005054999,0.15663887904998078,0.10633894549253825
422.52971748558633,1.3250253054999486,0.19030284269895872,0.05029915846990871,0.15730103360680686,-0.6319930011283909,-0.0080285982992989,0.015300069445010627,0.15500155031755602
199.98713177684635,0.7452479531810285,0.2266160152038939,0.0001,0.22643835117543173,-0.39741261671845474,0.07918121744067218,0.11988084972969011,0.10089412498452341
323.6169710569187,0.5819443427732266,0.22288531846171664,0.012251307991916637,0.14763728898614778,-0.8121670416256439,0.07671813429052646,0.05405324214427672,0.08976804281207681
467.0883392845961,1.3635080525646786,0.16847077258934753,0.027888654261852063,0.1007604686157568,-0.6556983033188966,-0.2069857518332708,0.0001,0.151762529205594
162.42664186556212,0.26253579725859655,0.25096452507591527,0.0019419927667423658,0.2073324553011807,-0.4385854378694905,-0.06594560397168601,0.06873924632421403,0.06523784880501995
284.2908130810961,0.2741788482837371,0.33133165696107264,0.015506318298034187,0.261703765457195,-0.6028363743813252,-0.09945806420754694,0.046639609520466536,0.04174651046495954
186.34409200637995,0.46328689103898885,0.2117211402249895,0.02244028871477982,0.07242489915921625,-0.8321728666921135,-0.037692198023971814,0.050549965906132706,0.08007412788233784
268.76979327481274,1.5094738180746003,0.2157764930222027,0.00018520321904303975,0.19600197892601737,-0.34970017536402004,0.041026196564452326,0.2879490164020626,0.16078196763815722
339.76862802501194,1.8498053953897409,0.16386609251308784,0.05608999815273041,0.16716179860465125,-0.2646421799475079,-0.04603827169791797,0.03824524159384147,0.20199191980382075
357.924256826439,0.8683731910728362,0.20870814983530112,0.0024985888652086607,0.18266382007521945,-0.3153571471575298,-0.04157149542688998,0.17366522592109832,0.12398857682843989
291.14187696910767,0.5483406887300574,0.19620685020320697,0.001404492815565349,0.09540016466337908,-0.7401294274055477,0.041009518088841596,0.14756214125126701,0.09893832407653139
78.07081433143452,1.0554650937656744,0.17229170491998486,0.0345064305747062,0.17577362001606947,-0.28289502917941645,0.013699231906569643,0.0001,0.1345153533368258
63.16354766167746,1.3950685669156189,0.15611586743475472,0.03236089494855834,0.10276522441212432,0.19660096945553837,0.12412290799312346,0.0001,0.16622449311646817
184.51530186400828,1.8608214295157963,0.21551556972037667,0.0001,0.31228080647071443,0.3426387755323233,0.13390734294325857,0.30764871569163965,0.20765236630691217
409.37512815817263,1.7679074162992112,0.21271046437589364,0.03796747707178011,0.14789167735069544,-0.5826879719585637,-0.1793845355524213,0.0001,0.19189638828145125
130.2555081657681,0.7752547322683829,0.24445351535989354,0.027219219228530406,0.1478929494252896,-0.7386773823267977,0.06908220083541894,0.0001,0.10168102987795616
109.26611371509232,1.5335192020215231,0.2038656163383125,0.014162152208895487,0.17432612220684862,-0.2900545710553127,-0.02319665114688717,0.32368253443321227,0.18322941074139856
424.93076884754777,1.6059320474728862,0.20247997618664101,0.046557956730686516,0.21051462706773155,-0.5084026253021606,-0.009214515343294942,0.06203741907031243,0.16928914318792615
100.40059814180688,1.5503078363741587,0.18192776730922092,0.04036464160268989,0.1251021620579086,-0.6800149736548337,-0.0413157098193653,0.0001,0.17011902728348485
267.891918149199,1.1705189352073937,0.21608806835568103,0.0001,0.24942907410713178,0.2591261710148431,0.19581550483744373,0.2041688956308373,0.14542960097353624
439.6087274467949,0.8904050584872008,0.2248388855009233,0.0001,0.20606302667988524,-0.3488878789340146,0.0800145291688372,0.19430742218527589,0.12753408989295958
244.76332721735247,0.7169955558860922,0.2654452721351309,0.018754178000796196,0.20292224236813516,-0.32675115385114206,0.06954866339511424,0.07843881295908776,0.1088075468007902
375.38533204933304,1.4847383309501394,0.2146952650276887,0.04277157248768583,0.26851732020221547,-0.4063087711699937,0.08528598546663532,0.06002748298554419,0.15818524212497403
364.89074314529046,0.27998875145879726,0.3198091363552179,0.0013709337576082682,0.19813845991970047,-0.3027506647971024,0.08927745873460476,0.11792725491517791,0.07516385502310151
417.22044562709965,0.5031240139287734,0.25726904979865456,0.003422948139833043,0.16342443262409143,-0.30334325635608334,0.026650622290222522,0.15151187505344144,0.08867491031476372
408.62055222567056,0.40208973197700126,0.22488189731171285,0.015099569108563488,0.22469794425455136,-0.48968515861975764,0.009086297459927901,0.030863228783378757,0.08305336590968561
161.6850616282809,1.248114020019908,0.18473560805148279,0.024500100195560575,0.08472100218336379,-0.7922320040283987,-0.04135975105268515,0.0001,0.1516506605329204
124.69227887655721,1.3566379294817035,0.17333228286454,0.0001,0.14962673723621378,0.03825143810966918,0.06752319848035551,0.20822682268317005,0.14404682537540758
174.30570638654666,1.8629119954885647,0.16203197229341545,0.035558933076998714,0.08670629332421781,-0.14074221576905493,0.04135323440559578,0.0001,0.21118534291727947
51.4146958844971,0.39490314737872556,0.26032176853169364,0.01687490503222483,0.203020646016824,-0.5467781444130171,0.03627680196130619,0.029271358478833075,0.07672663304158264
55.19470976806972,0.3975208193482173,0.15111741196099826,0.0002908177554213305,0.06115636342147237,-0.31531760775222517,0.007658088339054814,0.13194021987495397,0.07314431366690784
141.94027663540118,1.2984214461259518,0.18552743151078752,0.04184320687783191,0.11024234358966972,-0.6426479179862609,-0.09967295839636386,0.0001,0.1553350165572912
280.1432169532921,0.6256074250766307,0.20159600128429028,0.0001,0.12957214522303026,-0.18689274269464043,-0.026279988634660252,0.15659608515928708,0.08500123550401359
425.7577332101142,1.275074004575116,0.23973166735158086,0.009409811313060474,0.24568470079691188,0.002828522544682521,0.1100146752571552,0.2134614623247434,0.1705708569629084
219.01858115093893,0.6549391744125282,0.26268755596536686,0.0001,0.1879572162136433,-0.3835832032625757,0.08801758979766315,0.1564415321757838,0.11417935014701203
206.8807670361729,1.9108139334088337,0.15756636443044442,0.0001,0.17175542377560363,-0.28281120504496043,0.02384065698004482,0.2692047987793573,0.18740522317086883
224.44102238391562,0.2965513673786635,0.31164993317040657,0.0015023407750921237,0.2827018805688423,-0.5014591437592746,-0.06954799061130794,0.07329159085929579,0.07401145815973317
429.8126517479777,1.1720469033765673,0.193414601414031,0.04298301014192795,0.13524445989771386,-0.8219341231200049,-0.20684746912471041,0.0001,0.13880401729926978
163.63257049853163,1.7338565147529,0.22025890170793214,0.0001,0.2607166817298393,-0.23211192503495134,0.07954914138753955,0.2679504014549097,0.1776260264957919
475.9610615394587,1.4915331957928466,0.16520183936930924,0.0001,0.2925371013599655,-0.6004387523800712,-0.14010593820281855,0.2186400063719096,0.1653784114584033
405.0206579606142,1.9021307919873027,0.17041813221194538,0.053139819749076875,0.05358102567834338,-0.46508704610947565,-0.07943306854983456,0.0001,0.19165075016058045
473.35624114094907,1.1668253831714368,0.1269656121444894,0.02512505172556076,0.06256480134871556,-0.5161804824742663,0.013819128161315872,0.0001,0.14406482797541886
485.648067599605,0.6957565337328905,0.20549409247447284,0.02855164816175908,0.1339225067855183,-0.8880877542687936,-0.0017521518560598838,0.011020315858593126,0.10445820995480735
471.0051009061589,0.7686899614711306,0.18147831383784535,0.012042615919194673,0.056601998476473826,0.31342215378949545,0.15172484899612243,0.0001,0.10411532090310414
317.3643880489443,1.4873689741830964,0.19804962421030115,0.040776436317226925,0.19856853426276955,-0.5095935333142536,-0.013181791999425223,0.07640167778141363,0.14861762304513243
435.1266410363939,0.3941601340307403,0.2958124106428942,0.0001,0.2549630804267636,-0.38230587810028266,0.09242580535655061,0.10210170825561873,0.0734111457963263
429.19378146431774,0.11487791882877782,0.5827109357141242,0.0030360621713380535,0.2874423735545526,-0.7064240113681155,0.07648636635507494,0.04691804989576872,0.04027826701691513
245.82168811762756,0.29206694619162227,0.2890129023701716,0.0001,0.19402074782240086,-0.510995912498472,0.04533621075797129,0.09877827383511656,0.06429543908473016
389.92082498872827,0.8148551104724393,0.18521243539146082,0.02160259450012505,0.11099159752061101,-0.4032892237140691,0.0703557120908527,0.011481302709089437,0.1272938891067191
144.90622509466584,0.06139276840399193,0.4328616717813211,0.0001,0.14578884040632226,-0.6591380239637936,0.03214126265069707,0.0658544422556416,0.05994391046407862
160.4625682283894,0.09788199578152978,0.5474382617973657,0.007090809236872354,0.12109746814893758,-0.841271855387976,0.09538466041341212,0.04007532681161934,0.05771398191308193
60.00197814302085,1.5869762416272601,0.1933169394337731,0.061457657420953445,0.15741576096298346,-0.3476576793664244,-0.02089067954629088,0.0001,0.16744319777186428
268.3405988913012,1.635989176250669,0.16747335286417261,0.03869555522148269,0.11954588522228679,-0.30346450994939256,0.06411645521987204,0.0750270847581797,0.15863750293133017
368.57147078014873,1.6871840943983174,0.2081389639436769,0.059666842320605186,0.20739666592825237,-0.4201295552544356,-0.013797062981244581,0.0001,0.17187273514851095
493.65635799754006,1.1827687218054321,0.16726576913405877,0.021594957542905063,0.050006954896977235,-0.48705704897158336,0.0689617989939178,0.0001,0.15549640332464254
143.14494020785105,0.5892197624551956,0.2634559687870933,0.017733201147513783,0.260973584672113,-0.6611220788711547,0.06066837794752226,0.07325665393251253,0.09925665366251972
483.03060577966863,1.2829743476511828,0.19903158958528072,0.04053069880552227,0.12176366259830333,-0.30521737355903084,0.08854026352165638,0.0001,0.13594580193024625
90.9370271243124,1.1038497954432973,0.22402353032899075,0.04427554368954688,0.15079000915495594,-0.7508761340506065,-0.1034270078564936,0.031034428341413577,0.13890879056548916
141.16842237357838,1.9382741099949425,0.2128288866520936,0.07850517779471917,0.14955811257957566,-0.10773174324296085,-0.020110909323489114,0.0001,0.1998097705008857
112.9968972130938,1.9148200417274945,0.21000935676038873,0.0001,0.25358112961775836,-0.26696050558123613,-0.05993089241804894,0.26793345734544216,0.1999635277098703
363.5126558650242,1.3010769877994002,0.20939849242164116,0.0001,0.2784057539853019,-0.56151374119816,-0.07057761018010232,0.2774912747128386,0.1510170755063237
421.56702928336114,0.5885833095750046,0.17652247915665722,0.007726562885296198,0.09598791262987387,-0.542801842521225,0.02958876353328241,0.16377561754081646,0.07682056235066934
329.88036608475346,0.33412212314438244,0.2027734082342761,0.008914242889578435,0.08298681431350491,-0.5333275037228568,-0.014088226384327348,0.08188076467461015,0.07810793504513114
77.1610611619248,0.6909582480927625,0.27672104374408063,0.02003755590917875,0.2594229114763018,-0.588429898743474,-0.038173770726268784,0.13241848557443037,0.12135194828143253
183.13566685002775,1.731075197072989,0.23578408646412802,0.04748284200958529,0.20355951839715528,0.05207390604306348,0.010398641316334925,0.11486294077648727,0.17432561775054606
370.65142789295345,0.23315145635861845,0.17650308251440455,0.0008163510255122434,0.12076874259417926,-0.679692878194953,0.03690145834315894,0.04051252775117088,0.0657066467562235
445.9788343576627,1.635701886307028,0.19578616767110144,0.03983820887294592,0.16799629027883253,-0.3307464404532447,-0.06312575536819226,0.0890110030265056,0.1635464650484179
59.75998510588095,1.124524818881683,0.19760694188094585,0.0424345668428545,0.24175010623629847,-0.4295951519324098,-0.06581240072318874,0.03878089690604963,0.14698418302990832
87.77567854451829,1.7011750879571668,0.15440734071282297,0.030945965236997535,0.042465863001987764,-0.5108754168533732,-0.09673155452928495,0.0001,0.185001951537833
367.93462679699667,0.2672473823803965,0.22723237664459225,0.0001,0.22272831746493285,-0.48834983656123976,-0.0508588424632056,0.06147448717890196,0.052931543844036394
191.85475712515273,1.9160131731201047,0.1502920187274469,0.05708606226472955,0.12310416589955253,-0.999,-0.21432950454870162,0.044413361807816576,0.198095686824021
165.66680045670623,1.2888226920373613,0.17126162830714925,0.028937977659992068,0.10346256297232523,-0.4960365174403438,-0.10853125109974,0.06309715534382658,0.1606834722641303
300.29167943203896,1.7628895992550973,0.1522162932224323,0.0001,0.3180138168165279,0.5948670064992702,0.2227159754052879,0.17392588002743672,0.16708277994171516
264.7033766510433,1.5925712584072538,0.21400619091480594,0.06482630336082974,0.11129340371685309,-0.7089092435005089,0.06894492498898062,0.0001,0.1692380253396814
288.7177105888651,1.655597354964932,0.2216796909698403,0.05928057776530769,0.16766290815601442,-0.17497992217775052,-0.043504554417586466,0.0001,0.18129209484393893
224.8856022475728,1.3318898354602091,0.2252561608723537,0.055570228715530426,0.08856327332469392,-0.7704553354092075,-0.013802478292972296,0.0001,0.15572223796242435
62.34300334647982,1.6931889249309136,0.19891746190592133,0.0001,0.30111531931078445,-0.4664968414733913,-0.10105648225962212,0.2551374446531244,0.16343803554426012
293.87213506113505,0.562680076617071,0.23151096157482837,0.02599941468487591,0.099333588051684,-0.8471991266594388,0.01073031361287757,0.019462766870138287,0.0963439459766142
